caso_id,origem,n,cenario,chaves_distintas,algoritmo,repeticao,semente,tempo_ms
consulta_real-35-aleatorio,consulta_real,35,aleatorio,1,merge,1,2082357938,0.072565
consulta_real-35-aleatorio,consulta_real,35,aleatorio,1,insertion,1,2082357938,0.012502
consulta_real-35-aleatorio,consulta_real,35,aleatorio,1,insertion,2,2082357938,0.010965
consulta_real-35-aleatorio,consulta_real,35,aleatorio,1,merge,2,2082357938,0.072566
consulta_real-35-aleatorio,consulta_real,35,aleatorio,1,merge,3,2082357938,0.070889
consulta_real-35-aleatorio,consulta_real,35,aleatorio,1,insertion,3,2082357938,0.011104
consulta_real-35-aleatorio,consulta_real,35,aleatorio,1,insertion,4,2082357938,0.010127
consulta_real-35-aleatorio,consulta_real,35,aleatorio,1,merge,4,2082357938,0.070261
consulta_real-35-aleatorio,consulta_real,35,aleatorio,1,merge,5,2082357938,0.07061
consulta_real-35-aleatorio,consulta_real,35,aleatorio,1,insertion,5,2082357938,0.010826
consulta_real-35-aleatorio,consulta_real,35,aleatorio,1,insertion,6,2082357938,0.010407
consulta_real-35-aleatorio,consulta_real,35,aleatorio,1,merge,6,2082357938,0.04861
consulta_real-35-aleatorio,consulta_real,35,aleatorio,1,merge,7,2082357938,0.031987
consulta_real-35-aleatorio,consulta_real,35,aleatorio,1,insertion,7,2082357938,0.005308
consulta_real-35-aleatorio,consulta_real,35,aleatorio,1,insertion,8,2082357938,0.005308
consulta_real-35-aleatorio,consulta_real,35,aleatorio,1,merge,8,2082357938,0.031708
consulta_real-35-aleatorio,consulta_real,35,aleatorio,1,merge,9,2082357938,0.034292
consulta_real-35-aleatorio,consulta_real,35,aleatorio,1,insertion,9,2082357938,0.005308
consulta_real-35-aleatorio,consulta_real,35,aleatorio,1,insertion,10,2082357938,0.005168
consulta_real-35-aleatorio,consulta_real,35,aleatorio,1,merge,10,2082357938,0.031987
consulta_real-35-ordenado,consulta_real,35,ordenado,1,merge,1,455416886,0.031987
consulta_real-35-ordenado,consulta_real,35,ordenado,1,insertion,1,455416886,0.005168
consulta_real-35-ordenado,consulta_real,35,ordenado,1,insertion,2,455416886,0.005308
consulta_real-35-ordenado,consulta_real,35,ordenado,1,merge,2,455416886,0.03101
consulta_real-35-ordenado,consulta_real,35,ordenado,1,merge,3,455416886,0.032407
consulta_real-35-ordenado,consulta_real,35,ordenado,1,insertion,3,455416886,0.005168
consulta_real-35-ordenado,consulta_real,35,ordenado,1,insertion,4,455416886,0.005238
consulta_real-35-ordenado,consulta_real,35,ordenado,1,merge,4,455416886,0.034292
consulta_real-35-ordenado,consulta_real,35,ordenado,1,merge,5,455416886,0.031359
consulta_real-35-ordenado,consulta_real,35,ordenado,1,insertion,5,455416886,0.005378
consulta_real-35-ordenado,consulta_real,35,ordenado,1,insertion,6,455416886,0.005169
consulta_real-35-ordenado,consulta_real,35,ordenado,1,merge,6,455416886,0.031848
consulta_real-35-ordenado,consulta_real,35,ordenado,1,merge,7,455416886,0.031429
consulta_real-35-ordenado,consulta_real,35,ordenado,1,insertion,7,455416886,0.005238
consulta_real-35-ordenado,consulta_real,35,ordenado,1,insertion,8,455416886,0.005238
consulta_real-35-ordenado,consulta_real,35,ordenado,1,merge,8,455416886,0.031987
consulta_real-35-ordenado,consulta_real,35,ordenado,1,merge,9,455416886,0.031917
consulta_real-35-ordenado,consulta_real,35,ordenado,1,insertion,9,455416886,0.005378
consulta_real-35-ordenado,consulta_real,35,ordenado,1,insertion,10,455416886,0.005168
consulta_real-35-ordenado,consulta_real,35,ordenado,1,merge,10,455416886,0.031918
consulta_real-35-inverso,consulta_real,35,inverso,1,merge,1,2533929555,0.031987
consulta_real-35-inverso,consulta_real,35,inverso,1,insertion,1,2533929555,0.005238
consulta_real-35-inverso,consulta_real,35,inverso,1,insertion,2,2533929555,0.005308
consulta_real-35-inverso,consulta_real,35,inverso,1,merge,2,2533929555,0.031987
consulta_real-35-inverso,consulta_real,35,inverso,1,merge,3,2533929555,0.031917
consulta_real-35-inverso,consulta_real,35,inverso,1,insertion,3,2533929555,0.005378
consulta_real-35-inverso,consulta_real,35,inverso,1,insertion,4,2533929555,0.005658
consulta_real-35-inverso,consulta_real,35,inverso,1,merge,4,2533929555,0.031778
consulta_real-35-inverso,consulta_real,35,inverso,1,merge,5,2533929555,0.031708
consulta_real-35-inverso,consulta_real,35,inverso,1,insertion,5,2533929555,0.005657
consulta_real-35-inverso,consulta_real,35,inverso,1,insertion,6,2533929555,0.005308
consulta_real-35-inverso,consulta_real,35,inverso,1,merge,6,2533929555,0.031918
consulta_real-35-inverso,consulta_real,35,inverso,1,merge,7,2533929555,0.031988
consulta_real-35-inverso,consulta_real,35,inverso,1,insertion,7,2533929555,0.005378
consulta_real-35-inverso,consulta_real,35,inverso,1,insertion,8,2533929555,0.005169
consulta_real-35-inverso,consulta_real,35,inverso,1,merge,8,2533929555,0.044908
consulta_real-35-inverso,consulta_real,35,inverso,1,merge,9,2533929555,0.031708
consulta_real-35-inverso,consulta_real,35,inverso,1,insertion,9,2533929555,0.005308
consulta_real-35-inverso,consulta_real,35,inverso,1,insertion,10,2533929555,0.005168
consulta_real-35-inverso,consulta_real,35,inverso,1,merge,10,2533929555,0.031429
consulta_real-35-quase_ordenado,consulta_real,35,quase_ordenado,1,merge,1,3850797855,0.031918
consulta_real-35-quase_ordenado,consulta_real,35,quase_ordenado,1,insertion,1,3850797855,0.005168
consulta_real-35-quase_ordenado,consulta_real,35,quase_ordenado,1,insertion,2,3850797855,0.005308
consulta_real-35-quase_ordenado,consulta_real,35,quase_ordenado,1,merge,2,3850797855,0.031917
consulta_real-35-quase_ordenado,consulta_real,35,quase_ordenado,1,merge,3,3850797855,0.031918
consulta_real-35-quase_ordenado,consulta_real,35,quase_ordenado,1,insertion,3,3850797855,0.005238
consulta_real-35-quase_ordenado,consulta_real,35,quase_ordenado,1,insertion,4,3850797855,0.005238
consulta_real-35-quase_ordenado,consulta_real,35,quase_ordenado,1,merge,4,3850797855,0.031987
consulta_real-35-quase_ordenado,consulta_real,35,quase_ordenado,1,merge,5,3850797855,0.031499
consulta_real-35-quase_ordenado,consulta_real,35,quase_ordenado,1,insertion,5,3850797855,0.005797
consulta_real-35-quase_ordenado,consulta_real,35,quase_ordenado,1,insertion,6,3850797855,0.005378
consulta_real-35-quase_ordenado,consulta_real,35,quase_ordenado,1,merge,6,3850797855,0.031987
consulta_real-35-quase_ordenado,consulta_real,35,quase_ordenado,1,merge,7,3850797855,0.031847
consulta_real-35-quase_ordenado,consulta_real,35,quase_ordenado,1,insertion,7,3850797855,0.005308
consulta_real-35-quase_ordenado,consulta_real,35,quase_ordenado,1,insertion,8,3850797855,0.005099
consulta_real-35-quase_ordenado,consulta_real,35,quase_ordenado,1,merge,8,3850797855,0.032407
consulta_real-35-quase_ordenado,consulta_real,35,quase_ordenado,1,merge,9,3850797855,0.033384
consulta_real-35-quase_ordenado,consulta_real,35,quase_ordenado,1,insertion,9,3850797855,0.005588
consulta_real-35-quase_ordenado,consulta_real,35,quase_ordenado,1,insertion,10,3850797855,0.005308
consulta_real-35-quase_ordenado,consulta_real,35,quase_ordenado,1,merge,10,3850797855,0.031987
consulta_real-35-todos_iguais,consulta_real,35,todos_iguais,1,merge,1,445409767,0.033105
consulta_real-35-todos_iguais,consulta_real,35,todos_iguais,1,insertion,1,445409767,0.005308
consulta_real-35-todos_iguais,consulta_real,35,todos_iguais,1,insertion,2,445409767,0.005168
consulta_real-35-todos_iguais,consulta_real,35,todos_iguais,1,merge,2,445409767,0.031918
consulta_real-35-todos_iguais,consulta_real,35,todos_iguais,1,merge,3,445409767,0.031499
consulta_real-35-todos_iguais,consulta_real,35,todos_iguais,1,insertion,3,445409767,0.013898
consulta_real-35-todos_iguais,consulta_real,35,todos_iguais,1,insertion,4,445409767,0.004679
consulta_real-35-todos_iguais,consulta_real,35,todos_iguais,1,merge,4,445409767,0.031917
consulta_real-35-todos_iguais,consulta_real,35,todos_iguais,1,merge,5,445409767,0.031708
consulta_real-35-todos_iguais,consulta_real,35,todos_iguais,1,insertion,5,445409767,0.005587
consulta_real-35-todos_iguais,consulta_real,35,todos_iguais,1,insertion,6,445409767,0.005238
consulta_real-35-todos_iguais,consulta_real,35,todos_iguais,1,merge,6,445409767,0.031988
consulta_real-35-todos_iguais,consulta_real,35,todos_iguais,1,merge,7,445409767,0.031499
consulta_real-35-todos_iguais,consulta_real,35,todos_iguais,1,insertion,7,445409767,0.005308
consulta_real-35-todos_iguais,consulta_real,35,todos_iguais,1,insertion,8,445409767,0.005169
consulta_real-35-todos_iguais,consulta_real,35,todos_iguais,1,merge,8,445409767,0.031499
consulta_real-35-todos_iguais,consulta_real,35,todos_iguais,1,merge,9,445409767,0.031499
consulta_real-35-todos_iguais,consulta_real,35,todos_iguais,1,insertion,9,445409767,0.005587
consulta_real-35-todos_iguais,consulta_real,35,todos_iguais,1,insertion,10,445409767,0.005239
consulta_real-35-todos_iguais,consulta_real,35,todos_iguais,1,merge,10,445409767,0.031778
catalogo_real-100-aleatorio,catalogo_real,100,aleatorio,2,merge,1,909324377,0.108953
catalogo_real-100-aleatorio,catalogo_real,100,aleatorio,2,insertion,1,909324377,0.020115
catalogo_real-100-aleatorio,catalogo_real,100,aleatorio,2,insertion,2,909324377,0.019416
catalogo_real-100-aleatorio,catalogo_real,100,aleatorio,2,merge,2,909324377,0.098407
catalogo_real-100-aleatorio,catalogo_real,100,aleatorio,2,merge,3,909324377,0.105321
catalogo_real-100-aleatorio,catalogo_real,100,aleatorio,2,insertion,3,909324377,0.019416
catalogo_real-100-aleatorio,catalogo_real,100,aleatorio,2,insertion,4,909324377,0.019626
catalogo_real-100-aleatorio,catalogo_real,100,aleatorio,2,merge,4,909324377,0.09694
catalogo_real-100-aleatorio,catalogo_real,100,aleatorio,2,merge,5,909324377,0.097219
catalogo_real-100-aleatorio,catalogo_real,100,aleatorio,2,insertion,5,909324377,0.019416
catalogo_real-100-aleatorio,catalogo_real,100,aleatorio,2,insertion,6,909324377,0.019276
catalogo_real-100-aleatorio,catalogo_real,100,aleatorio,2,merge,6,909324377,0.097289
catalogo_real-100-aleatorio,catalogo_real,100,aleatorio,2,merge,7,909324377,0.100083
catalogo_real-100-aleatorio,catalogo_real,100,aleatorio,2,insertion,7,909324377,0.019766
catalogo_real-100-aleatorio,catalogo_real,100,aleatorio,2,insertion,8,909324377,0.019416
catalogo_real-100-aleatorio,catalogo_real,100,aleatorio,2,merge,8,909324377,0.097289
catalogo_real-100-aleatorio,catalogo_real,100,aleatorio,2,merge,9,909324377,0.105461
catalogo_real-100-aleatorio,catalogo_real,100,aleatorio,2,insertion,9,909324377,0.019416
catalogo_real-100-aleatorio,catalogo_real,100,aleatorio,2,insertion,10,909324377,0.019556
catalogo_real-100-aleatorio,catalogo_real,100,aleatorio,2,merge,10,909324377,0.09715
catalogo_real-100-ordenado,catalogo_real,100,ordenado,2,merge,1,1891175803,0.097638
catalogo_real-100-ordenado,catalogo_real,100,ordenado,2,insertion,1,1891175803,0.011803
catalogo_real-100-ordenado,catalogo_real,100,ordenado,2,insertion,2,1891175803,0.011804
catalogo_real-100-ordenado,catalogo_real,100,ordenado,2,merge,2,1891175803,0.108603
catalogo_real-100-ordenado,catalogo_real,100,ordenado,2,merge,3,1891175803,0.095054
catalogo_real-100-ordenado,catalogo_real,100,ordenado,2,insertion,3,1891175803,0.011943
catalogo_real-100-ordenado,catalogo_real,100,ordenado,2,insertion,4,1891175803,0.011943
catalogo_real-100-ordenado,catalogo_real,100,ordenado,2,merge,4,1891175803,0.095962
catalogo_real-100-ordenado,catalogo_real,100,ordenado,2,merge,5,1891175803,0.096591
catalogo_real-100-ordenado,catalogo_real,100,ordenado,2,insertion,5,1891175803,0.011454
catalogo_real-100-ordenado,catalogo_real,100,ordenado,2,insertion,6,1891175803,0.011385
catalogo_real-100-ordenado,catalogo_real,100,ordenado,2,merge,6,1891175803,0.097429
catalogo_real-100-ordenado,catalogo_real,100,ordenado,2,merge,7,1891175803,0.095334
catalogo_real-100-ordenado,catalogo_real,100,ordenado,2,insertion,7,1891175803,0.011524
catalogo_real-100-ordenado,catalogo_real,100,ordenado,2,insertion,8,1891175803,0.011524
catalogo_real-100-ordenado,catalogo_real,100,ordenado,2,merge,8,1891175803,0.095194
catalogo_real-100-ordenado,catalogo_real,100,ordenado,2,merge,9,1891175803,0.099174
catalogo_real-100-ordenado,catalogo_real,100,ordenado,2,insertion,9,1891175803,0.011873
catalogo_real-100-ordenado,catalogo_real,100,ordenado,2,insertion,10,1891175803,0.011803
catalogo_real-100-ordenado,catalogo_real,100,ordenado,2,merge,10,1891175803,0.094984
catalogo_real-100-inverso,catalogo_real,100,inverso,2,merge,1,1675448842,0.097778
catalogo_real-100-inverso,catalogo_real,100,inverso,2,insertion,1,1675448842,0.029613
catalogo_real-100-inverso,catalogo_real,100,inverso,2,insertion,2,1675448842,0.030521
catalogo_real-100-inverso,catalogo_real,100,inverso,2,merge,2,1675448842,0.108534
catalogo_real-100-inverso,catalogo_real,100,inverso,2,merge,3,1675448842,0.096801
catalogo_real-100-inverso,catalogo_real,100,inverso,2,insertion,3,1675448842,0.029682
catalogo_real-100-inverso,catalogo_real,100,inverso,2,insertion,4,1675448842,0.029543
catalogo_real-100-inverso,catalogo_real,100,inverso,2,merge,4,1675448842,0.097289
catalogo_real-100-inverso,catalogo_real,100,inverso,2,merge,5,1675448842,0.09708
catalogo_real-100-inverso,catalogo_real,100,inverso,2,insertion,5,1675448842,0.030032
catalogo_real-100-inverso,catalogo_real,100,inverso,2,insertion,6,1675448842,0.029473
catalogo_real-100-inverso,catalogo_real,100,inverso,2,merge,6,1675448842,0.097289
catalogo_real-100-inverso,catalogo_real,100,inverso,2,merge,7,1675448842,0.097568
catalogo_real-100-inverso,catalogo_real,100,inverso,2,insertion,7,1675448842,0.029683
catalogo_real-100-inverso,catalogo_real,100,inverso,2,insertion,8,1675448842,0.029613
catalogo_real-100-inverso,catalogo_real,100,inverso,2,merge,8,1675448842,0.09687
catalogo_real-100-inverso,catalogo_real,100,inverso,2,merge,9,1675448842,0.097219
catalogo_real-100-inverso,catalogo_real,100,inverso,2,insertion,9,1675448842,0.03052
catalogo_real-100-inverso,catalogo_real,100,inverso,2,insertion,10,1675448842,0.029473
catalogo_real-100-inverso,catalogo_real,100,inverso,2,merge,10,1675448842,0.108115
catalogo_real-100-quase_ordenado,catalogo_real,100,quase_ordenado,2,merge,1,2568370394,0.105391
catalogo_real-100-quase_ordenado,catalogo_real,100,quase_ordenado,2,insertion,1,2568370394,0.012851
catalogo_real-100-quase_ordenado,catalogo_real,100,quase_ordenado,2,insertion,2,2568370394,0.012502
catalogo_real-100-quase_ordenado,catalogo_real,100,quase_ordenado,2,merge,2,2568370394,0.096102
catalogo_real-100-quase_ordenado,catalogo_real,100,quase_ordenado,2,merge,3,2568370394,0.095823
catalogo_real-100-quase_ordenado,catalogo_real,100,quase_ordenado,2,insertion,3,2568370394,0.012851
catalogo_real-100-quase_ordenado,catalogo_real,100,quase_ordenado,2,insertion,4,2568370394,0.012292
catalogo_real-100-quase_ordenado,catalogo_real,100,quase_ordenado,2,merge,4,2568370394,0.095473
catalogo_real-100-quase_ordenado,catalogo_real,100,quase_ordenado,2,merge,5,2568370394,0.095403
catalogo_real-100-quase_ordenado,catalogo_real,100,quase_ordenado,2,insertion,5,2568370394,0.012711
catalogo_real-100-quase_ordenado,catalogo_real,100,quase_ordenado,2,insertion,6,2568370394,0.012711
catalogo_real-100-quase_ordenado,catalogo_real,100,quase_ordenado,2,merge,6,2568370394,0.095264
catalogo_real-100-quase_ordenado,catalogo_real,100,quase_ordenado,2,merge,7,2568370394,0.095124
catalogo_real-100-quase_ordenado,catalogo_real,100,quase_ordenado,2,insertion,7,2568370394,0.01334
catalogo_real-100-quase_ordenado,catalogo_real,100,quase_ordenado,2,insertion,8,2568370394,0.012362
catalogo_real-100-quase_ordenado,catalogo_real,100,quase_ordenado,2,merge,8,2568370394,0.095333
catalogo_real-100-quase_ordenado,catalogo_real,100,quase_ordenado,2,merge,9,2568370394,0.096381
catalogo_real-100-quase_ordenado,catalogo_real,100,quase_ordenado,2,insertion,9,2568370394,0.012921
catalogo_real-100-quase_ordenado,catalogo_real,100,quase_ordenado,2,insertion,10,2568370394,0.012991
catalogo_real-100-quase_ordenado,catalogo_real,100,quase_ordenado,2,merge,10,2568370394,0.095752
catalogo_real-100-todos_iguais,catalogo_real,100,todos_iguais,1,merge,1,1474411617,0.094915
catalogo_real-100-todos_iguais,catalogo_real,100,todos_iguais,1,insertion,1,1474411617,0.011524
catalogo_real-100-todos_iguais,catalogo_real,100,todos_iguais,1,insertion,2,1474411617,0.011454
catalogo_real-100-todos_iguais,catalogo_real,100,todos_iguais,1,merge,2,1474411617,0.095403
catalogo_real-100-todos_iguais,catalogo_real,100,todos_iguais,1,merge,3,1474411617,0.104134
catalogo_real-100-todos_iguais,catalogo_real,100,todos_iguais,1,insertion,3,1474411617,0.011454
catalogo_real-100-todos_iguais,catalogo_real,100,todos_iguais,1,insertion,4,1474411617,0.011524
catalogo_real-100-todos_iguais,catalogo_real,100,todos_iguais,1,merge,4,1474411617,0.095334
catalogo_real-100-todos_iguais,catalogo_real,100,todos_iguais,1,merge,5,1474411617,0.095962
catalogo_real-100-todos_iguais,catalogo_real,100,todos_iguais,1,insertion,5,1474411617,0.011524
catalogo_real-100-todos_iguais,catalogo_real,100,todos_iguais,1,insertion,6,1474411617,0.011594
catalogo_real-100-todos_iguais,catalogo_real,100,todos_iguais,1,merge,6,1474411617,0.094775
catalogo_real-100-todos_iguais,catalogo_real,100,todos_iguais,1,merge,7,1474411617,0.095263
catalogo_real-100-todos_iguais,catalogo_real,100,todos_iguais,1,insertion,7,1474411617,0.011803
catalogo_real-100-todos_iguais,catalogo_real,100,todos_iguais,1,insertion,8,1474411617,0.012781
catalogo_real-100-todos_iguais,catalogo_real,100,todos_iguais,1,merge,8,1474411617,0.095683
catalogo_real-100-todos_iguais,catalogo_real,100,todos_iguais,1,merge,9,1474411617,0.094914
catalogo_real-100-todos_iguais,catalogo_real,100,todos_iguais,1,insertion,9,1474411617,0.011943
catalogo_real-100-todos_iguais,catalogo_real,100,todos_iguais,1,insertion,10,1474411617,0.011105
catalogo_real-100-todos_iguais,catalogo_real,100,todos_iguais,1,merge,10,1474411617,0.095404
catalogo_real-300-aleatorio,catalogo_real,300,aleatorio,2,merge,1,1867379229,0.344808
catalogo_real-300-aleatorio,catalogo_real,300,aleatorio,2,insertion,1,1867379229,0.152952
catalogo_real-300-aleatorio,catalogo_real,300,aleatorio,2,insertion,2,1867379229,0.147784
catalogo_real-300-aleatorio,catalogo_real,300,aleatorio,2,merge,2,1867379229,0.342293
catalogo_real-300-aleatorio,catalogo_real,300,aleatorio,2,merge,3,1867379229,0.331538
catalogo_real-300-aleatorio,catalogo_real,300,aleatorio,2,insertion,3,1867379229,0.152185
catalogo_real-300-aleatorio,catalogo_real,300,aleatorio,2,insertion,4,1867379229,0.154001
catalogo_real-300-aleatorio,catalogo_real,300,aleatorio,2,merge,4,1867379229,0.340826
catalogo_real-300-aleatorio,catalogo_real,300,aleatorio,2,merge,5,1867379229,0.332934
catalogo_real-300-aleatorio,catalogo_real,300,aleatorio,2,insertion,5,1867379229,0.152394
catalogo_real-300-aleatorio,catalogo_real,300,aleatorio,2,insertion,6,1867379229,0.155746
catalogo_real-300-aleatorio,catalogo_real,300,aleatorio,2,merge,6,1867379229,0.332096
catalogo_real-300-aleatorio,catalogo_real,300,aleatorio,2,merge,7,1867379229,0.33517
catalogo_real-300-aleatorio,catalogo_real,300,aleatorio,2,insertion,7,1867379229,0.166432
catalogo_real-300-aleatorio,catalogo_real,300,aleatorio,2,insertion,8,1867379229,0.152114
catalogo_real-300-aleatorio,catalogo_real,300,aleatorio,2,merge,8,1867379229,0.3307
catalogo_real-300-aleatorio,catalogo_real,300,aleatorio,2,merge,9,1867379229,0.343481
catalogo_real-300-aleatorio,catalogo_real,300,aleatorio,2,insertion,9,1867379229,0.152534
catalogo_real-300-aleatorio,catalogo_real,300,aleatorio,2,insertion,10,1867379229,0.151137
catalogo_real-300-aleatorio,catalogo_real,300,aleatorio,2,merge,10,1867379229,0.334541
catalogo_real-300-ordenado,catalogo_real,300,ordenado,2,merge,1,3100996673,0.327347
catalogo_real-300-ordenado,catalogo_real,300,ordenado,2,insertion,1,3100996673,0.032895
catalogo_real-300-ordenado,catalogo_real,300,ordenado,2,insertion,2,3100996673,0.032895
catalogo_real-300-ordenado,catalogo_real,300,ordenado,2,merge,2,3100996673,0.323156
catalogo_real-300-ordenado,catalogo_real,300,ordenado,2,merge,3,3100996673,0.322528
catalogo_real-300-ordenado,catalogo_real,300,ordenado,2,insertion,3,3100996673,0.033175
catalogo_real-300-ordenado,catalogo_real,300,ordenado,2,insertion,4,3100996673,0.032895
catalogo_real-300-ordenado,catalogo_real,300,ordenado,2,merge,4,3100996673,0.337264
catalogo_real-300-ordenado,catalogo_real,300,ordenado,2,merge,5,3100996673,0.324763
catalogo_real-300-ordenado,catalogo_real,300,ordenado,2,insertion,5,3100996673,0.033315
catalogo_real-300-ordenado,catalogo_real,300,ordenado,2,insertion,6,3100996673,0.032895
catalogo_real-300-ordenado,catalogo_real,300,ordenado,2,merge,6,3100996673,0.336357
catalogo_real-300-ordenado,catalogo_real,300,ordenado,2,merge,7,3100996673,0.32602
catalogo_real-300-ordenado,catalogo_real,300,ordenado,2,insertion,7,3100996673,0.033175
catalogo_real-300-ordenado,catalogo_real,300,ordenado,2,insertion,8,3100996673,0.032895
catalogo_real-300-ordenado,catalogo_real,300,ordenado,2,merge,8,3100996673,0.339569
catalogo_real-300-ordenado,catalogo_real,300,ordenado,2,merge,9,3100996673,0.323227
catalogo_real-300-ordenado,catalogo_real,300,ordenado,2,insertion,9,3100996673,0.032826
catalogo_real-300-ordenado,catalogo_real,300,ordenado,2,insertion,10,3100996673,0.033175
catalogo_real-300-ordenado,catalogo_real,300,ordenado,2,merge,10,3100996673,0.340128
catalogo_real-300-inverso,catalogo_real,300,inverso,2,merge,1,1982422480,0.342572
catalogo_real-300-inverso,catalogo_real,300,inverso,2,insertion,1,1982422480,0.257855
catalogo_real-300-inverso,catalogo_real,300,inverso,2,insertion,2,1982422480,0.261487
catalogo_real-300-inverso,catalogo_real,300,inverso,2,merge,2,1982422480,0.340687
catalogo_real-300-inverso,catalogo_real,300,inverso,2,merge,3,1982422480,0.325601
catalogo_real-300-inverso,catalogo_real,300,inverso,2,insertion,3,1982422480,0.253315
catalogo_real-300-inverso,catalogo_real,300,inverso,2,insertion,4,1982422480,0.25527
catalogo_real-300-inverso,catalogo_real,300,inverso,2,merge,4,1982422480,0.326299
catalogo_real-300-inverso,catalogo_real,300,inverso,2,merge,5,1982422480,0.3439
catalogo_real-300-inverso,catalogo_real,300,inverso,2,insertion,5,1982422480,0.256667
catalogo_real-300-inverso,catalogo_real,300,inverso,2,insertion,6,1982422480,0.254293
catalogo_real-300-inverso,catalogo_real,300,inverso,2,merge,6,1982422480,0.336356
catalogo_real-300-inverso,catalogo_real,300,inverso,2,merge,7,1982422480,0.325321
catalogo_real-300-inverso,catalogo_real,300,inverso,2,insertion,7,1982422480,0.254014
catalogo_real-300-inverso,catalogo_real,300,inverso,2,insertion,8,1982422480,0.270008
catalogo_real-300-inverso,catalogo_real,300,inverso,2,merge,8,1982422480,0.329792
catalogo_real-300-inverso,catalogo_real,300,inverso,2,merge,9,1982422480,0.329093
catalogo_real-300-inverso,catalogo_real,300,inverso,2,insertion,9,1982422480,0.268261
catalogo_real-300-inverso,catalogo_real,300,inverso,2,insertion,10,1982422480,0.253245
catalogo_real-300-inverso,catalogo_real,300,inverso,2,merge,10,1982422480,0.331188
catalogo_real-300-quase_ordenado,catalogo_real,300,quase_ordenado,2,merge,1,3449446040,0.332376
catalogo_real-300-quase_ordenado,catalogo_real,300,quase_ordenado,2,insertion,1,3449446040,0.053079
catalogo_real-300-quase_ordenado,catalogo_real,300,quase_ordenado,2,insertion,2,3449446040,0.063975
catalogo_real-300-quase_ordenado,catalogo_real,300,quase_ordenado,2,merge,2,3449446040,0.325811
catalogo_real-300-quase_ordenado,catalogo_real,300,quase_ordenado,2,merge,3,3449446040,0.329303
catalogo_real-300-quase_ordenado,catalogo_real,300,quase_ordenado,2,insertion,3,3449446040,0.053988
catalogo_real-300-quase_ordenado,catalogo_real,300,quase_ordenado,2,insertion,4,3449446040,0.064185
catalogo_real-300-quase_ordenado,catalogo_real,300,quase_ordenado,2,merge,4,3449446040,0.328674
catalogo_real-300-quase_ordenado,catalogo_real,300,quase_ordenado,2,merge,5,3449446040,0.328534
catalogo_real-300-quase_ordenado,catalogo_real,300,quase_ordenado,2,insertion,5,3449446040,0.053429
catalogo_real-300-quase_ordenado,catalogo_real,300,quase_ordenado,2,insertion,6,3449446040,0.063905
catalogo_real-300-quase_ordenado,catalogo_real,300,quase_ordenado,2,merge,6,3449446040,0.328325
catalogo_real-300-quase_ordenado,catalogo_real,300,quase_ordenado,2,merge,7,3449446040,0.332585
catalogo_real-300-quase_ordenado,catalogo_real,300,quase_ordenado,2,insertion,7,3449446040,0.053359
catalogo_real-300-quase_ordenado,catalogo_real,300,quase_ordenado,2,insertion,8,3449446040,0.053848
catalogo_real-300-quase_ordenado,catalogo_real,300,quase_ordenado,2,merge,8,3449446040,0.328604
catalogo_real-300-quase_ordenado,catalogo_real,300,quase_ordenado,2,merge,9,3449446040,0.327627
catalogo_real-300-quase_ordenado,catalogo_real,300,quase_ordenado,2,insertion,9,3449446040,0.053708
catalogo_real-300-quase_ordenado,catalogo_real,300,quase_ordenado,2,insertion,10,3449446040,0.0528
catalogo_real-300-quase_ordenado,catalogo_real,300,quase_ordenado,2,merge,10,3449446040,0.327138
catalogo_real-300-todos_iguais,catalogo_real,300,todos_iguais,1,merge,1,3874230632,0.317499
catalogo_real-300-todos_iguais,catalogo_real,300,todos_iguais,1,insertion,1,3874230632,0.032896
catalogo_real-300-todos_iguais,catalogo_real,300,todos_iguais,1,insertion,2,3874230632,0.032127
catalogo_real-300-todos_iguais,catalogo_real,300,todos_iguais,1,merge,2,3874230632,0.31722
catalogo_real-300-todos_iguais,catalogo_real,300,todos_iguais,1,merge,3,3874230632,0.324972
catalogo_real-300-todos_iguais,catalogo_real,300,todos_iguais,1,insertion,3,3874230632,0.032406
catalogo_real-300-todos_iguais,catalogo_real,300,todos_iguais,1,insertion,4,3874230632,0.032895
catalogo_real-300-todos_iguais,catalogo_real,300,todos_iguais,1,merge,4,3874230632,0.316033
catalogo_real-300-todos_iguais,catalogo_real,300,todos_iguais,1,merge,5,3874230632,0.328674
catalogo_real-300-todos_iguais,catalogo_real,300,todos_iguais,1,insertion,5,3874230632,0.032965
catalogo_real-300-todos_iguais,catalogo_real,300,todos_iguais,1,insertion,6,3874230632,0.031847
catalogo_real-300-todos_iguais,catalogo_real,300,todos_iguais,1,merge,6,3874230632,0.32155
catalogo_real-300-todos_iguais,catalogo_real,300,todos_iguais,1,merge,7,3874230632,0.332864
catalogo_real-300-todos_iguais,catalogo_real,300,todos_iguais,1,insertion,7,3874230632,0.033384
catalogo_real-300-todos_iguais,catalogo_real,300,todos_iguais,1,insertion,8,3874230632,0.032896
catalogo_real-300-todos_iguais,catalogo_real,300,todos_iguais,1,merge,8,3874230632,0.322458
catalogo_real-300-todos_iguais,catalogo_real,300,todos_iguais,1,merge,9,3874230632,0.334261
catalogo_real-300-todos_iguais,catalogo_real,300,todos_iguais,1,insertion,9,3874230632,0.033804
catalogo_real-300-todos_iguais,catalogo_real,300,todos_iguais,1,insertion,10,3874230632,0.033454
catalogo_real-300-todos_iguais,catalogo_real,300,todos_iguais,1,merge,10,3874230632,0.321271
catalogo_real-553-aleatorio,catalogo_real,553,aleatorio,2,merge,1,2856204255,0.661469
catalogo_real-553-aleatorio,catalogo_real,553,aleatorio,2,insertion,1,2856204255,0.5991
catalogo_real-553-aleatorio,catalogo_real,553,aleatorio,2,insertion,2,2856204255,0.616491
catalogo_real-553-aleatorio,catalogo_real,553,aleatorio,2,merge,2,2856204255,0.675507
catalogo_real-553-aleatorio,catalogo_real,553,aleatorio,2,merge,3,2856204255,0.658117
catalogo_real-553-aleatorio,catalogo_real,553,aleatorio,2,insertion,3,2856204255,0.597773
catalogo_real-553-aleatorio,catalogo_real,553,aleatorio,2,insertion,4,2856204255,0.617328
catalogo_real-553-aleatorio,catalogo_real,553,aleatorio,2,merge,4,2856204255,0.677741
catalogo_real-553-aleatorio,catalogo_real,553,aleatorio,2,merge,5,2856204255,0.65665
catalogo_real-553-aleatorio,catalogo_real,553,aleatorio,2,insertion,5,2856204255,0.598611
catalogo_real-553-aleatorio,catalogo_real,553,aleatorio,2,insertion,6,2856204255,0.615653
catalogo_real-553-aleatorio,catalogo_real,553,aleatorio,2,merge,6,2856204255,0.672294
catalogo_real-553-aleatorio,catalogo_real,553,aleatorio,2,merge,7,2856204255,0.659792
catalogo_real-553-aleatorio,catalogo_real,553,aleatorio,2,insertion,7,2856204255,0.598192
catalogo_real-553-aleatorio,catalogo_real,553,aleatorio,2,insertion,8,2856204255,0.614744
catalogo_real-553-aleatorio,catalogo_real,553,aleatorio,2,merge,8,2856204255,0.66489
catalogo_real-553-aleatorio,catalogo_real,553,aleatorio,2,merge,9,2856204255,0.662446
catalogo_real-553-aleatorio,catalogo_real,553,aleatorio,2,insertion,9,2856204255,0.59903
catalogo_real-553-aleatorio,catalogo_real,553,aleatorio,2,insertion,10,2856204255,0.619913
catalogo_real-553-aleatorio,catalogo_real,553,aleatorio,2,merge,10,2856204255,0.671875
catalogo_real-553-ordenado,catalogo_real,553,ordenado,2,merge,1,3908506442,0.629062
catalogo_real-553-ordenado,catalogo_real,553,ordenado,2,insertion,1,3908506442,0.073892
catalogo_real-553-ordenado,catalogo_real,553,ordenado,2,insertion,2,3908506442,0.065023
catalogo_real-553-ordenado,catalogo_real,553,ordenado,2,merge,2,3908506442,0.632834
catalogo_real-553-ordenado,catalogo_real,553,ordenado,2,merge,3,3908506442,0.627595
catalogo_real-553-ordenado,catalogo_real,553,ordenado,2,insertion,3,3908506442,0.066908
catalogo_real-553-ordenado,catalogo_real,553,ordenado,2,insertion,4,3908506442,0.064743
catalogo_real-553-ordenado,catalogo_real,553,ordenado,2,merge,4,3908506442,0.624243
catalogo_real-553-ordenado,catalogo_real,553,ordenado,2,merge,5,3908506442,0.643659
catalogo_real-553-ordenado,catalogo_real,553,ordenado,2,insertion,5,3908506442,0.065232
catalogo_real-553-ordenado,catalogo_real,553,ordenado,2,insertion,6,3908506442,0.064883
catalogo_real-553-ordenado,catalogo_real,553,ordenado,2,merge,6,3908506442,0.643659
catalogo_real-553-ordenado,catalogo_real,553,ordenado,2,merge,7,3908506442,0.64764
catalogo_real-553-ordenado,catalogo_real,553,ordenado,2,insertion,7,3908506442,0.06579
catalogo_real-553-ordenado,catalogo_real,553,ordenado,2,insertion,8,3908506442,0.065791
catalogo_real-553-ordenado,catalogo_real,553,ordenado,2,merge,8,3908506442,0.644846
catalogo_real-553-ordenado,catalogo_real,553,ordenado,2,merge,9,3908506442,0.64338
catalogo_real-553-ordenado,catalogo_real,553,ordenado,2,insertion,9,3908506442,0.065372
catalogo_real-553-ordenado,catalogo_real,553,ordenado,2,insertion,10,3908506442,0.064883
catalogo_real-553-ordenado,catalogo_real,553,ordenado,2,merge,10,3908506442,0.650154
catalogo_real-553-inverso,catalogo_real,553,inverso,2,merge,1,1897998382,0.661329
catalogo_real-553-inverso,catalogo_real,553,inverso,2,insertion,1,1897998382,1.352061
catalogo_real-553-inverso,catalogo_real,553,inverso,2,insertion,2,1897998382,1.403814
catalogo_real-553-inverso,catalogo_real,553,inverso,2,merge,2,1897998382,0.640726
catalogo_real-553-inverso,catalogo_real,553,inverso,2,merge,3,1897998382,0.655462
catalogo_real-553-inverso,catalogo_real,553,inverso,2,insertion,3,1897998382,1.374201
catalogo_real-553-inverso,catalogo_real,553,inverso,2,insertion,4,1897998382,1.362049
catalogo_real-553-inverso,catalogo_real,553,inverso,2,merge,4,1897998382,0.659024
catalogo_real-553-inverso,catalogo_real,553,inverso,2,merge,5,1897998382,0.659723
catalogo_real-553-inverso,catalogo_real,553,inverso,2,insertion,5,1897998382,1.360024
catalogo_real-553-inverso,catalogo_real,553,inverso,2,insertion,6,1897998382,1.362188
catalogo_real-553-inverso,catalogo_real,553,inverso,2,merge,6,1897998382,0.642402
catalogo_real-553-inverso,catalogo_real,553,inverso,2,merge,7,1897998382,0.658745
catalogo_real-553-inverso,catalogo_real,553,inverso,2,insertion,7,1897998382,1.366798
catalogo_real-553-inverso,catalogo_real,553,inverso,2,insertion,8,1897998382,1.350455
catalogo_real-553-inverso,catalogo_real,553,inverso,2,merge,8,1897998382,0.66964
catalogo_real-553-inverso,catalogo_real,553,inverso,2,merge,9,1897998382,0.649665
catalogo_real-553-inverso,catalogo_real,553,inverso,2,insertion,9,1897998382,1.360372
catalogo_real-553-inverso,catalogo_real,553,inverso,2,insertion,10,1897998382,1.364982
catalogo_real-553-inverso,catalogo_real,553,inverso,2,merge,10,1897998382,0.644636
catalogo_real-553-quase_ordenado,catalogo_real,553,quase_ordenado,2,merge,1,4113489204,0.654414
catalogo_real-553-quase_ordenado,catalogo_real,553,quase_ordenado,2,insertion,1,4113489204,0.139194
catalogo_real-553-quase_ordenado,catalogo_real,553,quase_ordenado,2,insertion,2,4113489204,0.138426
catalogo_real-553-quase_ordenado,catalogo_real,553,quase_ordenado,2,merge,2,4113489204,0.639958
catalogo_real-553-quase_ordenado,catalogo_real,553,quase_ordenado,2,merge,3,4113489204,0.655811
catalogo_real-553-quase_ordenado,catalogo_real,553,quase_ordenado,2,insertion,3,4113489204,0.137937
catalogo_real-553-quase_ordenado,catalogo_real,553,quase_ordenado,2,insertion,4,4113489204,0.133188
catalogo_real-553-quase_ordenado,catalogo_real,553,quase_ordenado,2,merge,4,4113489204,0.635278
catalogo_real-553-quase_ordenado,catalogo_real,553,quase_ordenado,2,merge,5,4113489204,0.651621
catalogo_real-553-quase_ordenado,catalogo_real,553,quase_ordenado,2,insertion,5,4113489204,0.138216
catalogo_real-553-quase_ordenado,catalogo_real,553,quase_ordenado,2,insertion,6,4113489204,0.137936
catalogo_real-553-quase_ordenado,catalogo_real,553,quase_ordenado,2,merge,6,4113489204,0.638491
catalogo_real-553-quase_ordenado,catalogo_real,553,quase_ordenado,2,merge,7,4113489204,0.654624
catalogo_real-553-quase_ordenado,catalogo_real,553,quase_ordenado,2,insertion,7,4113489204,0.168807
catalogo_real-553-quase_ordenado,catalogo_real,553,quase_ordenado,2,insertion,8,4113489204,0.141289
catalogo_real-553-quase_ordenado,catalogo_real,553,quase_ordenado,2,merge,8,4113489204,0.640097
catalogo_real-553-quase_ordenado,catalogo_real,553,quase_ordenado,2,merge,9,4113489204,0.658046
catalogo_real-553-quase_ordenado,catalogo_real,553,quase_ordenado,2,insertion,9,4113489204,0.139054
catalogo_real-553-quase_ordenado,catalogo_real,553,quase_ordenado,2,insertion,10,4113489204,0.138914
catalogo_real-553-quase_ordenado,catalogo_real,553,quase_ordenado,2,merge,10,4113489204,0.63444
catalogo_real-553-todos_iguais,catalogo_real,553,todos_iguais,1,merge,1,4262824273,0.654275
catalogo_real-553-todos_iguais,catalogo_real,553,todos_iguais,1,insertion,1,4262824273,0.064743
catalogo_real-553-todos_iguais,catalogo_real,553,todos_iguais,1,insertion,2,4262824273,0.064813
catalogo_real-553-todos_iguais,catalogo_real,553,todos_iguais,1,merge,2,4262824273,0.645824
catalogo_real-553-todos_iguais,catalogo_real,553,todos_iguais,1,merge,3,4262824273,0.649386
catalogo_real-553-todos_iguais,catalogo_real,553,todos_iguais,1,insertion,3,4262824273,0.065371
catalogo_real-553-todos_iguais,catalogo_real,553,todos_iguais,1,insertion,4,4262824273,0.06607
catalogo_real-553-todos_iguais,catalogo_real,553,todos_iguais,1,merge,4,4262824273,0.648338
catalogo_real-553-todos_iguais,catalogo_real,553,todos_iguais,1,merge,5,4262824273,0.635488
catalogo_real-553-todos_iguais,catalogo_real,553,todos_iguais,1,insertion,5,4262824273,0.065301
catalogo_real-553-todos_iguais,catalogo_real,553,todos_iguais,1,insertion,6,4262824273,0.065022
catalogo_real-553-todos_iguais,catalogo_real,553,todos_iguais,1,merge,6,4262824273,0.638701
catalogo_real-553-todos_iguais,catalogo_real,553,todos_iguais,1,merge,7,4262824273,0.629831
catalogo_real-553-todos_iguais,catalogo_real,553,todos_iguais,1,insertion,7,4262824273,0.06607
catalogo_real-553-todos_iguais,catalogo_real,553,todos_iguais,1,insertion,8,4262824273,0.067258
catalogo_real-553-todos_iguais,catalogo_real,553,todos_iguais,1,merge,8,4262824273,0.632066
catalogo_real-553-todos_iguais,catalogo_real,553,todos_iguais,1,merge,9,4262824273,0.639958
catalogo_real-553-todos_iguais,catalogo_real,553,todos_iguais,1,insertion,9,4262824273,0.066419
catalogo_real-553-todos_iguais,catalogo_real,553,todos_iguais,1,insertion,10,4262824273,0.06628
catalogo_real-553-todos_iguais,catalogo_real,553,todos_iguais,1,merge,10,4262824273,0.625151
sintetico_poucas_chaves-100-aleatorio,sintetico_poucas_chaves,100,aleatorio,66,merge,1,3787085713,0.136051
sintetico_poucas_chaves-100-aleatorio,sintetico_poucas_chaves,100,aleatorio,66,insertion,1,3787085713,0.16294
sintetico_poucas_chaves-100-aleatorio,sintetico_poucas_chaves,100,aleatorio,66,insertion,2,3787085713,0.16315
sintetico_poucas_chaves-100-aleatorio,sintetico_poucas_chaves,100,aleatorio,66,merge,2,3787085713,0.130604
sintetico_poucas_chaves-100-aleatorio,sintetico_poucas_chaves,100,aleatorio,66,merge,3,3787085713,0.135073
sintetico_poucas_chaves-100-aleatorio,sintetico_poucas_chaves,100,aleatorio,66,insertion,3,3787085713,0.180819
sintetico_poucas_chaves-100-aleatorio,sintetico_poucas_chaves,100,aleatorio,66,insertion,4,3787085713,0.16706
sintetico_poucas_chaves-100-aleatorio,sintetico_poucas_chaves,100,aleatorio,66,merge,4,3787085713,0.134934
sintetico_poucas_chaves-100-aleatorio,sintetico_poucas_chaves,100,aleatorio,66,merge,5,3787085713,0.134515
sintetico_poucas_chaves-100-aleatorio,sintetico_poucas_chaves,100,aleatorio,66,insertion,5,3787085713,0.169365
sintetico_poucas_chaves-100-aleatorio,sintetico_poucas_chaves,100,aleatorio,66,insertion,6,3787085713,0.177677
sintetico_poucas_chaves-100-aleatorio,sintetico_poucas_chaves,100,aleatorio,66,merge,6,3787085713,0.131232
sintetico_poucas_chaves-100-aleatorio,sintetico_poucas_chaves,100,aleatorio,66,merge,7,3787085713,0.134655
sintetico_poucas_chaves-100-aleatorio,sintetico_poucas_chaves,100,aleatorio,66,insertion,7,3787085713,0.167759
sintetico_poucas_chaves-100-aleatorio,sintetico_poucas_chaves,100,aleatorio,66,insertion,8,3787085713,0.182845
sintetico_poucas_chaves-100-aleatorio,sintetico_poucas_chaves,100,aleatorio,66,merge,8,3787085713,0.174045
sintetico_poucas_chaves-100-aleatorio,sintetico_poucas_chaves,100,aleatorio,66,merge,9,3787085713,0.136819
sintetico_poucas_chaves-100-aleatorio,sintetico_poucas_chaves,100,aleatorio,66,insertion,9,3787085713,0.168038
sintetico_poucas_chaves-100-aleatorio,sintetico_poucas_chaves,100,aleatorio,66,insertion,10,3787085713,0.167201
sintetico_poucas_chaves-100-aleatorio,sintetico_poucas_chaves,100,aleatorio,66,merge,10,3787085713,0.135353
sintetico_poucas_chaves-100-ordenado,sintetico_poucas_chaves,100,ordenado,66,merge,1,3547229834,0.096661
sintetico_poucas_chaves-100-ordenado,sintetico_poucas_chaves,100,ordenado,66,insertion,1,3547229834,0.012432
sintetico_poucas_chaves-100-ordenado,sintetico_poucas_chaves,100,ordenado,66,insertion,2,3547229834,0.012502
sintetico_poucas_chaves-100-ordenado,sintetico_poucas_chaves,100,ordenado,66,merge,2,3547229834,0.111258
sintetico_poucas_chaves-100-ordenado,sintetico_poucas_chaves,100,ordenado,66,merge,3,3547229834,0.097359
sintetico_poucas_chaves-100-ordenado,sintetico_poucas_chaves,100,ordenado,66,insertion,3,3547229834,0.012432
sintetico_poucas_chaves-100-ordenado,sintetico_poucas_chaves,100,ordenado,66,insertion,4,3547229834,0.012013
sintetico_poucas_chaves-100-ordenado,sintetico_poucas_chaves,100,ordenado,66,merge,4,3547229834,0.097778
sintetico_poucas_chaves-100-ordenado,sintetico_poucas_chaves,100,ordenado,66,merge,5,3547229834,0.097638
sintetico_poucas_chaves-100-ordenado,sintetico_poucas_chaves,100,ordenado,66,insertion,5,3547229834,0.012362
sintetico_poucas_chaves-100-ordenado,sintetico_poucas_chaves,100,ordenado,66,insertion,6,3547229834,0.012292
sintetico_poucas_chaves-100-ordenado,sintetico_poucas_chaves,100,ordenado,66,merge,6,3547229834,0.097568
sintetico_poucas_chaves-100-ordenado,sintetico_poucas_chaves,100,ordenado,66,merge,7,3547229834,0.108813
sintetico_poucas_chaves-100-ordenado,sintetico_poucas_chaves,100,ordenado,66,insertion,7,3547229834,0.012431
sintetico_poucas_chaves-100-ordenado,sintetico_poucas_chaves,100,ordenado,66,insertion,8,3547229834,0.012502
sintetico_poucas_chaves-100-ordenado,sintetico_poucas_chaves,100,ordenado,66,merge,8,3547229834,0.097987
sintetico_poucas_chaves-100-ordenado,sintetico_poucas_chaves,100,ordenado,66,merge,9,3547229834,0.097289
sintetico_poucas_chaves-100-ordenado,sintetico_poucas_chaves,100,ordenado,66,insertion,9,3547229834,0.012362
sintetico_poucas_chaves-100-ordenado,sintetico_poucas_chaves,100,ordenado,66,insertion,10,3547229834,0.012292
sintetico_poucas_chaves-100-ordenado,sintetico_poucas_chaves,100,ordenado,66,merge,10,3547229834,0.097359
sintetico_poucas_chaves-100-inverso,sintetico_poucas_chaves,100,inverso,66,merge,1,640390900,0.115867
sintetico_poucas_chaves-100-inverso,sintetico_poucas_chaves,100,inverso,66,insertion,1,640390900,0.323506
sintetico_poucas_chaves-100-inverso,sintetico_poucas_chaves,100,inverso,66,insertion,2,640390900,0.323226
sintetico_poucas_chaves-100-inverso,sintetico_poucas_chaves,100,inverso,66,merge,2,640390900,0.111257
sintetico_poucas_chaves-100-inverso,sintetico_poucas_chaves,100,inverso,66,merge,3,640390900,0.120337
sintetico_poucas_chaves-100-inverso,sintetico_poucas_chaves,100,inverso,66,insertion,3,640390900,0.322877
sintetico_poucas_chaves-100-inverso,sintetico_poucas_chaves,100,inverso,66,insertion,4,640390900,0.323296
sintetico_poucas_chaves-100-inverso,sintetico_poucas_chaves,100,inverso,66,merge,4,640390900,0.108254
sintetico_poucas_chaves-100-inverso,sintetico_poucas_chaves,100,inverso,66,merge,5,640390900,0.114959
sintetico_poucas_chaves-100-inverso,sintetico_poucas_chaves,100,inverso,66,insertion,5,640390900,0.323925
sintetico_poucas_chaves-100-inverso,sintetico_poucas_chaves,100,inverso,66,insertion,6,640390900,0.322947
sintetico_poucas_chaves-100-inverso,sintetico_poucas_chaves,100,inverso,66,merge,6,640390900,0.106578
sintetico_poucas_chaves-100-inverso,sintetico_poucas_chaves,100,inverso,66,merge,7,640390900,0.110071
sintetico_poucas_chaves-100-inverso,sintetico_poucas_chaves,100,inverso,66,insertion,7,640390900,0.33489
sintetico_poucas_chaves-100-inverso,sintetico_poucas_chaves,100,inverso,66,insertion,8,640390900,0.323366
sintetico_poucas_chaves-100-inverso,sintetico_poucas_chaves,100,inverso,66,merge,8,640390900,0.106648
sintetico_poucas_chaves-100-inverso,sintetico_poucas_chaves,100,inverso,66,merge,9,640390900,0.107556
sintetico_poucas_chaves-100-inverso,sintetico_poucas_chaves,100,inverso,66,insertion,9,640390900,0.334401
sintetico_poucas_chaves-100-inverso,sintetico_poucas_chaves,100,inverso,66,insertion,10,640390900,0.323157
sintetico_poucas_chaves-100-inverso,sintetico_poucas_chaves,100,inverso,66,merge,10,640390900,0.105391
sintetico_poucas_chaves-100-quase_ordenado,sintetico_poucas_chaves,100,quase_ordenado,66,merge,1,1261143705,0.11454
sintetico_poucas_chaves-100-quase_ordenado,sintetico_poucas_chaves,100,quase_ordenado,66,insertion,1,1261143705,0.017041
sintetico_poucas_chaves-100-quase_ordenado,sintetico_poucas_chaves,100,quase_ordenado,66,insertion,2,1261143705,0.01788
sintetico_poucas_chaves-100-quase_ordenado,sintetico_poucas_chaves,100,quase_ordenado,66,merge,2,1261143705,0.102877
sintetico_poucas_chaves-100-quase_ordenado,sintetico_poucas_chaves,100,quase_ordenado,66,merge,3,1261143705,0.102387
sintetico_poucas_chaves-100-quase_ordenado,sintetico_poucas_chaves,100,quase_ordenado,66,insertion,3,1261143705,0.016901
sintetico_poucas_chaves-100-quase_ordenado,sintetico_poucas_chaves,100,quase_ordenado,66,insertion,4,1261143705,0.017531
sintetico_poucas_chaves-100-quase_ordenado,sintetico_poucas_chaves,100,quase_ordenado,66,merge,4,1261143705,0.102038
sintetico_poucas_chaves-100-quase_ordenado,sintetico_poucas_chaves,100,quase_ordenado,66,merge,5,1261143705,0.103156
sintetico_poucas_chaves-100-quase_ordenado,sintetico_poucas_chaves,100,quase_ordenado,66,insertion,5,1261143705,0.017041
sintetico_poucas_chaves-100-quase_ordenado,sintetico_poucas_chaves,100,quase_ordenado,66,insertion,6,1261143705,0.017181
sintetico_poucas_chaves-100-quase_ordenado,sintetico_poucas_chaves,100,quase_ordenado,66,merge,6,1261143705,0.103086
sintetico_poucas_chaves-100-quase_ordenado,sintetico_poucas_chaves,100,quase_ordenado,66,merge,7,1261143705,0.116845
sintetico_poucas_chaves-100-quase_ordenado,sintetico_poucas_chaves,100,quase_ordenado,66,insertion,7,1261143705,0.01767
sintetico_poucas_chaves-100-quase_ordenado,sintetico_poucas_chaves,100,quase_ordenado,66,insertion,8,1261143705,0.01753
sintetico_poucas_chaves-100-quase_ordenado,sintetico_poucas_chaves,100,quase_ordenado,66,merge,8,1261143705,0.102597
sintetico_poucas_chaves-100-quase_ordenado,sintetico_poucas_chaves,100,quase_ordenado,66,merge,9,1261143705,0.102458
sintetico_poucas_chaves-100-quase_ordenado,sintetico_poucas_chaves,100,quase_ordenado,66,insertion,9,1261143705,0.018508
sintetico_poucas_chaves-100-quase_ordenado,sintetico_poucas_chaves,100,quase_ordenado,66,insertion,10,1261143705,0.01788
sintetico_poucas_chaves-100-quase_ordenado,sintetico_poucas_chaves,100,quase_ordenado,66,merge,10,1261143705,0.101969
sintetico_poucas_chaves-100-todos_iguais,sintetico_poucas_chaves,100,todos_iguais,1,merge,1,3570932483,0.096172
sintetico_poucas_chaves-100-todos_iguais,sintetico_poucas_chaves,100,todos_iguais,1,insertion,1,3570932483,0.011803
sintetico_poucas_chaves-100-todos_iguais,sintetico_poucas_chaves,100,todos_iguais,1,insertion,2,3570932483,0.012292
sintetico_poucas_chaves-100-todos_iguais,sintetico_poucas_chaves,100,todos_iguais,1,merge,2,3570932483,0.106648
sintetico_poucas_chaves-100-todos_iguais,sintetico_poucas_chaves,100,todos_iguais,1,merge,3,3570932483,0.096312
sintetico_poucas_chaves-100-todos_iguais,sintetico_poucas_chaves,100,todos_iguais,1,insertion,3,3570932483,0.011594
sintetico_poucas_chaves-100-todos_iguais,sintetico_poucas_chaves,100,todos_iguais,1,insertion,4,3570932483,0.011524
sintetico_poucas_chaves-100-todos_iguais,sintetico_poucas_chaves,100,todos_iguais,1,merge,4,3570932483,0.100432
sintetico_poucas_chaves-100-todos_iguais,sintetico_poucas_chaves,100,todos_iguais,1,merge,5,3570932483,0.0968
sintetico_poucas_chaves-100-todos_iguais,sintetico_poucas_chaves,100,todos_iguais,1,insertion,5,3570932483,0.011733
sintetico_poucas_chaves-100-todos_iguais,sintetico_poucas_chaves,100,todos_iguais,1,insertion,6,3570932483,0.011733
sintetico_poucas_chaves-100-todos_iguais,sintetico_poucas_chaves,100,todos_iguais,1,merge,6,3570932483,0.096312
sintetico_poucas_chaves-100-todos_iguais,sintetico_poucas_chaves,100,todos_iguais,1,merge,7,3570932483,0.096172
sintetico_poucas_chaves-100-todos_iguais,sintetico_poucas_chaves,100,todos_iguais,1,insertion,7,3570932483,0.011873
sintetico_poucas_chaves-100-todos_iguais,sintetico_poucas_chaves,100,todos_iguais,1,insertion,8,3570932483,0.011454
sintetico_poucas_chaves-100-todos_iguais,sintetico_poucas_chaves,100,todos_iguais,1,merge,8,3570932483,0.100153
sintetico_poucas_chaves-100-todos_iguais,sintetico_poucas_chaves,100,todos_iguais,1,merge,9,3570932483,0.107626
sintetico_poucas_chaves-100-todos_iguais,sintetico_poucas_chaves,100,todos_iguais,1,insertion,9,3570932483,0.011803
sintetico_poucas_chaves-100-todos_iguais,sintetico_poucas_chaves,100,todos_iguais,1,insertion,10,3570932483,0.011314
sintetico_poucas_chaves-100-todos_iguais,sintetico_poucas_chaves,100,todos_iguais,1,merge,10,3570932483,0.096242
sintetico_poucas_chaves-500-aleatorio,sintetico_poucas_chaves,500,aleatorio,100,merge,1,3191358545,0.804574
sintetico_poucas_chaves-500-aleatorio,sintetico_poucas_chaves,500,aleatorio,100,insertion,1,3191358545,4.640756
sintetico_poucas_chaves-500-aleatorio,sintetico_poucas_chaves,500,aleatorio,100,insertion,2,3191358545,4.645786
sintetico_poucas_chaves-500-aleatorio,sintetico_poucas_chaves,500,aleatorio,100,merge,2,3191358545,0.808764
sintetico_poucas_chaves-500-aleatorio,sintetico_poucas_chaves,500,aleatorio,100,merge,3,3191358545,0.81072
sintetico_poucas_chaves-500-aleatorio,sintetico_poucas_chaves,500,aleatorio,100,insertion,3,3191358545,4.651163
sintetico_poucas_chaves-500-aleatorio,sintetico_poucas_chaves,500,aleatorio,100,insertion,4,3191358545,4.658077
sintetico_poucas_chaves-500-aleatorio,sintetico_poucas_chaves,500,aleatorio,100,merge,4,3191358545,0.80597
sintetico_poucas_chaves-500-aleatorio,sintetico_poucas_chaves,500,aleatorio,100,merge,5,3191358545,0.804644
sintetico_poucas_chaves-500-aleatorio,sintetico_poucas_chaves,500,aleatorio,100,insertion,5,3191358545,4.69216
sintetico_poucas_chaves-500-aleatorio,sintetico_poucas_chaves,500,aleatorio,100,insertion,6,3191358545,4.68315
sintetico_poucas_chaves-500-aleatorio,sintetico_poucas_chaves,500,aleatorio,100,merge,6,3191358545,0.816168
sintetico_poucas_chaves-500-aleatorio,sintetico_poucas_chaves,500,aleatorio,100,merge,7,3191358545,0.818472
sintetico_poucas_chaves-500-aleatorio,sintetico_poucas_chaves,500,aleatorio,100,insertion,7,3191358545,4.653398
sintetico_poucas_chaves-500-aleatorio,sintetico_poucas_chaves,500,aleatorio,100,insertion,8,3191358545,4.652281
sintetico_poucas_chaves-500-aleatorio,sintetico_poucas_chaves,500,aleatorio,100,merge,8,3191358545,0.813374
sintetico_poucas_chaves-500-aleatorio,sintetico_poucas_chaves,500,aleatorio,100,merge,9,3191358545,0.828669
sintetico_poucas_chaves-500-aleatorio,sintetico_poucas_chaves,500,aleatorio,100,insertion,9,3191358545,4.675189
sintetico_poucas_chaves-500-aleatorio,sintetico_poucas_chaves,500,aleatorio,100,insertion,10,3191358545,4.651372
sintetico_poucas_chaves-500-aleatorio,sintetico_poucas_chaves,500,aleatorio,100,merge,10,3191358545,0.820567
sintetico_poucas_chaves-500-ordenado,sintetico_poucas_chaves,500,ordenado,100,merge,1,3935830103,0.574656
sintetico_poucas_chaves-500-ordenado,sintetico_poucas_chaves,500,ordenado,100,insertion,1,3935830103,0.072146
sintetico_poucas_chaves-500-ordenado,sintetico_poucas_chaves,500,ordenado,100,insertion,2,3935830103,0.060971
sintetico_poucas_chaves-500-ordenado,sintetico_poucas_chaves,500,ordenado,100,merge,2,3935830103,0.574167
sintetico_poucas_chaves-500-ordenado,sintetico_poucas_chaves,500,ordenado,100,merge,3,3935830103,0.587786
sintetico_poucas_chaves-500-ordenado,sintetico_poucas_chaves,500,ordenado,100,insertion,3,3935830103,0.063416
sintetico_poucas_chaves-500-ordenado,sintetico_poucas_chaves,500,ordenado,100,insertion,4,3935830103,0.06139
sintetico_poucas_chaves-500-ordenado,sintetico_poucas_chaves,500,ordenado,100,merge,4,3935830103,0.590021
sintetico_poucas_chaves-500-ordenado,sintetico_poucas_chaves,500,ordenado,100,merge,5,3935830103,0.590999
sintetico_poucas_chaves-500-ordenado,sintetico_poucas_chaves,500,ordenado,100,insertion,5,3935830103,0.062438
sintetico_poucas_chaves-500-ordenado,sintetico_poucas_chaves,500,ordenado,100,insertion,6,3935830103,0.062509
sintetico_poucas_chaves-500-ordenado,sintetico_poucas_chaves,500,ordenado,100,merge,6,3935830103,0.586599
sintetico_poucas_chaves-500-ordenado,sintetico_poucas_chaves,500,ordenado,100,merge,7,3935830103,0.573189
sintetico_poucas_chaves-500-ordenado,sintetico_poucas_chaves,500,ordenado,100,insertion,7,3935830103,0.062927
sintetico_poucas_chaves-500-ordenado,sintetico_poucas_chaves,500,ordenado,100,insertion,8,3935830103,0.062439
sintetico_poucas_chaves-500-ordenado,sintetico_poucas_chaves,500,ordenado,100,merge,8,3935830103,0.574377
sintetico_poucas_chaves-500-ordenado,sintetico_poucas_chaves,500,ordenado,100,merge,9,3935830103,0.589113
sintetico_poucas_chaves-500-ordenado,sintetico_poucas_chaves,500,ordenado,100,insertion,9,3935830103,0.062438
sintetico_poucas_chaves-500-ordenado,sintetico_poucas_chaves,500,ordenado,100,insertion,10,3935830103,0.062509
sintetico_poucas_chaves-500-ordenado,sintetico_poucas_chaves,500,ordenado,100,merge,10,3935830103,0.591976
sintetico_poucas_chaves-500-inverso,sintetico_poucas_chaves,500,inverso,100,merge,1,1089783839,0.636255
sintetico_poucas_chaves-500-inverso,sintetico_poucas_chaves,500,inverso,100,insertion,1,1089783839,8.970649
sintetico_poucas_chaves-500-inverso,sintetico_poucas_chaves,500,inverso,100,insertion,2,1089783839,8.915684
sintetico_poucas_chaves-500-inverso,sintetico_poucas_chaves,500,inverso,100,merge,2,1089783839,0.631227
sintetico_poucas_chaves-500-inverso,sintetico_poucas_chaves,500,inverso,100,merge,3,1089783839,0.647221
sintetico_poucas_chaves-500-inverso,sintetico_poucas_chaves,500,inverso,100,insertion,3,1089783839,8.884883
sintetico_poucas_chaves-500-inverso,sintetico_poucas_chaves,500,inverso,100,insertion,4,1089783839,8.91736
sintetico_poucas_chaves-500-inverso,sintetico_poucas_chaves,500,inverso,100,merge,4,1089783839,0.658396
sintetico_poucas_chaves-500-inverso,sintetico_poucas_chaves,500,inverso,100,merge,5,1089783839,0.630808
sintetico_poucas_chaves-500-inverso,sintetico_poucas_chaves,500,inverso,100,insertion,5,1089783839,8.876991
sintetico_poucas_chaves-500-inverso,sintetico_poucas_chaves,500,inverso,100,insertion,6,1089783839,8.850172
sintetico_poucas_chaves-500-inverso,sintetico_poucas_chaves,500,inverso,100,merge,6,1089783839,0.639049
sintetico_poucas_chaves-500-inverso,sintetico_poucas_chaves,500,inverso,100,merge,7,1089783839,0.648059
sintetico_poucas_chaves-500-inverso,sintetico_poucas_chaves,500,inverso,100,insertion,7,1089783839,8.913449
sintetico_poucas_chaves-500-inverso,sintetico_poucas_chaves,500,inverso,100,insertion,8,1089783839,8.904369
sintetico_poucas_chaves-500-inverso,sintetico_poucas_chaves,500,inverso,100,merge,8,1089783839,0.64743
sintetico_poucas_chaves-500-inverso,sintetico_poucas_chaves,500,inverso,100,merge,9,1089783839,0.635837
sintetico_poucas_chaves-500-inverso,sintetico_poucas_chaves,500,inverso,100,insertion,9,1089783839,8.915474
sintetico_poucas_chaves-500-inverso,sintetico_poucas_chaves,500,inverso,100,insertion,10,1089783839,8.842839
sintetico_poucas_chaves-500-inverso,sintetico_poucas_chaves,500,inverso,100,merge,10,1089783839,0.64296
sintetico_poucas_chaves-500-quase_ordenado,sintetico_poucas_chaves,500,quase_ordenado,100,merge,1,63218795,0.648758
sintetico_poucas_chaves-500-quase_ordenado,sintetico_poucas_chaves,500,quase_ordenado,100,insertion,1,63218795,0.139403
sintetico_poucas_chaves-500-quase_ordenado,sintetico_poucas_chaves,500,quase_ordenado,100,insertion,2,63218795,0.137308
sintetico_poucas_chaves-500-quase_ordenado,sintetico_poucas_chaves,500,quase_ordenado,100,merge,2,63218795,0.642751
sintetico_poucas_chaves-500-quase_ordenado,sintetico_poucas_chaves,500,quase_ordenado,100,merge,3,63218795,0.636395
sintetico_poucas_chaves-500-quase_ordenado,sintetico_poucas_chaves,500,quase_ordenado,100,insertion,3,63218795,0.139334
sintetico_poucas_chaves-500-quase_ordenado,sintetico_poucas_chaves,500,quase_ordenado,100,insertion,4,63218795,0.137937
sintetico_poucas_chaves-500-quase_ordenado,sintetico_poucas_chaves,500,quase_ordenado,100,merge,4,63218795,0.644986
sintetico_poucas_chaves-500-quase_ordenado,sintetico_poucas_chaves,500,quase_ordenado,100,merge,5,63218795,0.64331
sintetico_poucas_chaves-500-quase_ordenado,sintetico_poucas_chaves,500,quase_ordenado,100,insertion,5,63218795,0.139264
sintetico_poucas_chaves-500-quase_ordenado,sintetico_poucas_chaves,500,quase_ordenado,100,insertion,6,63218795,0.139403
sintetico_poucas_chaves-500-quase_ordenado,sintetico_poucas_chaves,500,quase_ordenado,100,merge,6,63218795,0.640516
sintetico_poucas_chaves-500-quase_ordenado,sintetico_poucas_chaves,500,quase_ordenado,100,merge,7,63218795,0.646104
sintetico_poucas_chaves-500-quase_ordenado,sintetico_poucas_chaves,500,quase_ordenado,100,insertion,7,63218795,0.138845
sintetico_poucas_chaves-500-quase_ordenado,sintetico_poucas_chaves,500,quase_ordenado,100,insertion,8,63218795,0.139264
sintetico_poucas_chaves-500-quase_ordenado,sintetico_poucas_chaves,500,quase_ordenado,100,merge,8,63218795,0.647012
sintetico_poucas_chaves-500-quase_ordenado,sintetico_poucas_chaves,500,quase_ordenado,100,merge,9,63218795,0.640167
sintetico_poucas_chaves-500-quase_ordenado,sintetico_poucas_chaves,500,quase_ordenado,100,insertion,9,63218795,0.139264
sintetico_poucas_chaves-500-quase_ordenado,sintetico_poucas_chaves,500,quase_ordenado,100,insertion,10,63218795,0.139333
sintetico_poucas_chaves-500-quase_ordenado,sintetico_poucas_chaves,500,quase_ordenado,100,merge,10,63218795,0.657907
sintetico_poucas_chaves-500-todos_iguais,sintetico_poucas_chaves,500,todos_iguais,1,merge,1,3768397392,0.566135
sintetico_poucas_chaves-500-todos_iguais,sintetico_poucas_chaves,500,todos_iguais,1,insertion,1,3768397392,0.058178
sintetico_poucas_chaves-500-todos_iguais,sintetico_poucas_chaves,500,todos_iguais,1,insertion,2,3768397392,0.058807
sintetico_poucas_chaves-500-todos_iguais,sintetico_poucas_chaves,500,todos_iguais,1,merge,2,3768397392,0.565227
sintetico_poucas_chaves-500-todos_iguais,sintetico_poucas_chaves,500,todos_iguais,1,merge,3,3768397392,0.573747
sintetico_poucas_chaves-500-todos_iguais,sintetico_poucas_chaves,500,todos_iguais,1,insertion,3,3768397392,0.058527
sintetico_poucas_chaves-500-todos_iguais,sintetico_poucas_chaves,500,todos_iguais,1,insertion,4,3768397392,0.058317
sintetico_poucas_chaves-500-todos_iguais,sintetico_poucas_chaves,500,todos_iguais,1,merge,4,3768397392,0.57696
sintetico_poucas_chaves-500-todos_iguais,sintetico_poucas_chaves,500,todos_iguais,1,merge,5,3768397392,0.579684
sintetico_poucas_chaves-500-todos_iguais,sintetico_poucas_chaves,500,todos_iguais,1,insertion,5,3768397392,0.059994
sintetico_poucas_chaves-500-todos_iguais,sintetico_poucas_chaves,500,todos_iguais,1,insertion,6,3768397392,0.059156
sintetico_poucas_chaves-500-todos_iguais,sintetico_poucas_chaves,500,todos_iguais,1,merge,6,3768397392,0.58143
sintetico_poucas_chaves-500-todos_iguais,sintetico_poucas_chaves,500,todos_iguais,1,merge,7,3768397392,0.565507
sintetico_poucas_chaves-500-todos_iguais,sintetico_poucas_chaves,500,todos_iguais,1,insertion,7,3768397392,0.059156
sintetico_poucas_chaves-500-todos_iguais,sintetico_poucas_chaves,500,todos_iguais,1,insertion,8,3768397392,0.060553
sintetico_poucas_chaves-500-todos_iguais,sintetico_poucas_chaves,500,todos_iguais,1,merge,8,3768397392,0.567602
sintetico_poucas_chaves-500-todos_iguais,sintetico_poucas_chaves,500,todos_iguais,1,merge,9,3768397392,0.579265
sintetico_poucas_chaves-500-todos_iguais,sintetico_poucas_chaves,500,todos_iguais,1,insertion,9,3768397392,0.059994
sintetico_poucas_chaves-500-todos_iguais,sintetico_poucas_chaves,500,todos_iguais,1,insertion,10,3768397392,0.060552
sintetico_poucas_chaves-500-todos_iguais,sintetico_poucas_chaves,500,todos_iguais,1,merge,10,3768397392,0.583525
sintetico_poucas_chaves-2000-aleatorio,sintetico_poucas_chaves,2000,aleatorio,101,merge,1,3873100947,3.945485
sintetico_poucas_chaves-2000-aleatorio,sintetico_poucas_chaves,2000,aleatorio,101,insertion,1,3873100947,82.273819
sintetico_poucas_chaves-2000-aleatorio,sintetico_poucas_chaves,2000,aleatorio,101,insertion,2,3873100947,82.624493
sintetico_poucas_chaves-2000-aleatorio,sintetico_poucas_chaves,2000,aleatorio,101,merge,2,3873100947,3.945345
sintetico_poucas_chaves-2000-aleatorio,sintetico_poucas_chaves,2000,aleatorio,101,merge,3,3873100947,3.942272
sintetico_poucas_chaves-2000-aleatorio,sintetico_poucas_chaves,2000,aleatorio,101,insertion,3,3873100947,82.542848
sintetico_poucas_chaves-2000-aleatorio,sintetico_poucas_chaves,2000,aleatorio,101,insertion,4,3873100947,82.502201
sintetico_poucas_chaves-2000-aleatorio,sintetico_poucas_chaves,2000,aleatorio,101,merge,4,3873100947,4.00024
sintetico_poucas_chaves-2000-aleatorio,sintetico_poucas_chaves,2000,aleatorio,101,merge,5,3873100947,3.994723
sintetico_poucas_chaves-2000-aleatorio,sintetico_poucas_chaves,2000,aleatorio,101,insertion,5,3873100947,82.487952
sintetico_poucas_chaves-2000-aleatorio,sintetico_poucas_chaves,2000,aleatorio,101,insertion,6,3873100947,82.939688
sintetico_poucas_chaves-2000-aleatorio,sintetico_poucas_chaves,2000,aleatorio,101,merge,6,3873100947,4.067428
sintetico_poucas_chaves-2000-aleatorio,sintetico_poucas_chaves,2000,aleatorio,101,merge,7,3873100947,3.915802
sintetico_poucas_chaves-2000-aleatorio,sintetico_poucas_chaves,2000,aleatorio,101,insertion,7,3873100947,86.832652
sintetico_poucas_chaves-2000-aleatorio,sintetico_poucas_chaves,2000,aleatorio,101,insertion,8,3873100947,86.849134
sintetico_poucas_chaves-2000-aleatorio,sintetico_poucas_chaves,2000,aleatorio,101,merge,8,3873100947,3.924044
sintetico_poucas_chaves-2000-aleatorio,sintetico_poucas_chaves,2000,aleatorio,101,merge,9,3873100947,3.925022
sintetico_poucas_chaves-2000-aleatorio,sintetico_poucas_chaves,2000,aleatorio,101,insertion,9,3873100947,82.580702
sintetico_poucas_chaves-2000-aleatorio,sintetico_poucas_chaves,2000,aleatorio,101,insertion,10,3873100947,86.788652
sintetico_poucas_chaves-2000-aleatorio,sintetico_poucas_chaves,2000,aleatorio,101,merge,10,3873100947,3.937872
sintetico_poucas_chaves-2000-ordenado,sintetico_poucas_chaves,2000,ordenado,101,merge,1,2287064240,2.654675
sintetico_poucas_chaves-2000-ordenado,sintetico_poucas_chaves,2000,ordenado,101,insertion,1,2287064240,0.268122
sintetico_poucas_chaves-2000-ordenado,sintetico_poucas_chaves,2000,ordenado,101,insertion,2,2287064240,0.270705
sintetico_poucas_chaves-2000-ordenado,sintetico_poucas_chaves,2000,ordenado,101,merge,2,2287064240,2.669551
sintetico_poucas_chaves-2000-ordenado,sintetico_poucas_chaves,2000,ordenado,101,merge,3,2287064240,2.663614
sintetico_poucas_chaves-2000-ordenado,sintetico_poucas_chaves,2000,ordenado,101,insertion,3,2287064240,0.282928
sintetico_poucas_chaves-2000-ordenado,sintetico_poucas_chaves,2000,ordenado,101,insertion,4,2287064240,0.271543
sintetico_poucas_chaves-2000-ordenado,sintetico_poucas_chaves,2000,ordenado,101,merge,4,2287064240,2.646015
sintetico_poucas_chaves-2000-ordenado,sintetico_poucas_chaves,2000,ordenado,101,merge,5,2287064240,2.645665
sintetico_poucas_chaves-2000-ordenado,sintetico_poucas_chaves,2000,ordenado,101,insertion,5,2287064240,0.269728
sintetico_poucas_chaves-2000-ordenado,sintetico_poucas_chaves,2000,ordenado,101,insertion,6,2287064240,0.28195
sintetico_poucas_chaves-2000-ordenado,sintetico_poucas_chaves,2000,ordenado,101,merge,6,2287064240,2.671017
sintetico_poucas_chaves-2000-ordenado,sintetico_poucas_chaves,2000,ordenado,101,merge,7,2287064240,2.66138
sintetico_poucas_chaves-2000-ordenado,sintetico_poucas_chaves,2000,ordenado,101,insertion,7,2287064240,0.277829
sintetico_poucas_chaves-2000-ordenado,sintetico_poucas_chaves,2000,ordenado,101,insertion,8,2287064240,0.266585
sintetico_poucas_chaves-2000-ordenado,sintetico_poucas_chaves,2000,ordenado,101,merge,8,2287064240,2.646294
sintetico_poucas_chaves-2000-ordenado,sintetico_poucas_chaves,2000,ordenado,101,merge,9,2287064240,2.65223
sintetico_poucas_chaves-2000-ordenado,sintetico_poucas_chaves,2000,ordenado,101,insertion,9,2287064240,0.270356
sintetico_poucas_chaves-2000-ordenado,sintetico_poucas_chaves,2000,ordenado,101,insertion,10,2287064240,0.282788
sintetico_poucas_chaves-2000-ordenado,sintetico_poucas_chaves,2000,ordenado,101,merge,10,2287064240,2.660122
sintetico_poucas_chaves-2000-inverso,sintetico_poucas_chaves,2000,inverso,101,merge,1,4020217034,2.926219
sintetico_poucas_chaves-2000-inverso,sintetico_poucas_chaves,2000,inverso,101,insertion,1,4020217034,163.054008
sintetico_poucas_chaves-2000-inverso,sintetico_poucas_chaves,2000,inverso,101,insertion,2,4020217034,161.620372
sintetico_poucas_chaves-2000-inverso,sintetico_poucas_chaves,2000,inverso,101,merge,2,4020217034,2.924123
sintetico_poucas_chaves-2000-inverso,sintetico_poucas_chaves,2000,inverso,101,merge,3,4020217034,2.927755
sintetico_poucas_chaves-2000-inverso,sintetico_poucas_chaves,2000,inverso,101,insertion,3,4020217034,162.078462
sintetico_poucas_chaves-2000-inverso,sintetico_poucas_chaves,2000,inverso,101,insertion,4,4020217034,161.862373
sintetico_poucas_chaves-2000-inverso,sintetico_poucas_chaves,2000,inverso,101,merge,4,4020217034,2.93879
sintetico_poucas_chaves-2000-inverso,sintetico_poucas_chaves,2000,inverso,101,merge,5,4020217034,2.904358
sintetico_poucas_chaves-2000-inverso,sintetico_poucas_chaves,2000,inverso,101,insertion,5,4020217034,161.731909
sintetico_poucas_chaves-2000-inverso,sintetico_poucas_chaves,2000,inverso,101,insertion,6,4020217034,169.224223
sintetico_poucas_chaves-2000-inverso,sintetico_poucas_chaves,2000,inverso,101,merge,6,4020217034,2.931456
sintetico_poucas_chaves-2000-inverso,sintetico_poucas_chaves,2000,inverso,101,merge,7,4020217034,2.913298
sintetico_poucas_chaves-2000-inverso,sintetico_poucas_chaves,2000,inverso,101,insertion,7,4020217034,167.274318
sintetico_poucas_chaves-2000-inverso,sintetico_poucas_chaves,2000,inverso,101,insertion,8,4020217034,179.029547
sintetico_poucas_chaves-2000-inverso,sintetico_poucas_chaves,2000,inverso,101,merge,8,4020217034,3.06653
sintetico_poucas_chaves-2000-inverso,sintetico_poucas_chaves,2000,inverso,101,merge,9,4020217034,3.029374
sintetico_poucas_chaves-2000-inverso,sintetico_poucas_chaves,2000,inverso,101,insertion,9,4020217034,164.340767
sintetico_poucas_chaves-2000-inverso,sintetico_poucas_chaves,2000,inverso,101,insertion,10,4020217034,163.821636
sintetico_poucas_chaves-2000-inverso,sintetico_poucas_chaves,2000,inverso,101,merge,10,4020217034,3.021971
sintetico_poucas_chaves-2000-quase_ordenado,sintetico_poucas_chaves,2000,quase_ordenado,101,merge,1,1796920203,3.242041
sintetico_poucas_chaves-2000-quase_ordenado,sintetico_poucas_chaves,2000,quase_ordenado,101,insertion,1,1796920203,2.830396
sintetico_poucas_chaves-2000-quase_ordenado,sintetico_poucas_chaves,2000,quase_ordenado,101,insertion,2,1796920203,2.837101
sintetico_poucas_chaves-2000-quase_ordenado,sintetico_poucas_chaves,2000,quase_ordenado,101,merge,2,1796920203,3.262924
sintetico_poucas_chaves-2000-quase_ordenado,sintetico_poucas_chaves,2000,quase_ordenado,101,merge,3,1796920203,3.25147
sintetico_poucas_chaves-2000-quase_ordenado,sintetico_poucas_chaves,2000,quase_ordenado,101,insertion,3,1796920203,2.830466
sintetico_poucas_chaves-2000-quase_ordenado,sintetico_poucas_chaves,2000,quase_ordenado,101,insertion,4,1796920203,2.86357
sintetico_poucas_chaves-2000-quase_ordenado,sintetico_poucas_chaves,2000,quase_ordenado,101,merge,4,1796920203,3.252169
sintetico_poucas_chaves-2000-quase_ordenado,sintetico_poucas_chaves,2000,quase_ordenado,101,merge,5,1796920203,3.242042
sintetico_poucas_chaves-2000-quase_ordenado,sintetico_poucas_chaves,2000,quase_ordenado,101,insertion,5,1796920203,2.821666
sintetico_poucas_chaves-2000-quase_ordenado,sintetico_poucas_chaves,2000,quase_ordenado,101,insertion,6,1796920203,2.81978
sintetico_poucas_chaves-2000-quase_ordenado,sintetico_poucas_chaves,2000,quase_ordenado,101,merge,6,1796920203,3.243439
sintetico_poucas_chaves-2000-quase_ordenado,sintetico_poucas_chaves,2000,quase_ordenado,101,merge,7,1796920203,3.244835
sintetico_poucas_chaves-2000-quase_ordenado,sintetico_poucas_chaves,2000,quase_ordenado,101,insertion,7,1796920203,2.85931
sintetico_poucas_chaves-2000-quase_ordenado,sintetico_poucas_chaves,2000,quase_ordenado,101,insertion,8,1796920203,2.847646
sintetico_poucas_chaves-2000-quase_ordenado,sintetico_poucas_chaves,2000,quase_ordenado,101,merge,8,1796920203,4.138597
sintetico_poucas_chaves-2000-quase_ordenado,sintetico_poucas_chaves,2000,quase_ordenado,101,merge,9,1796920203,3.41001
sintetico_poucas_chaves-2000-quase_ordenado,sintetico_poucas_chaves,2000,quase_ordenado,101,insertion,9,1796920203,2.821665
sintetico_poucas_chaves-2000-quase_ordenado,sintetico_poucas_chaves,2000,quase_ordenado,101,insertion,10,1796920203,2.804065
sintetico_poucas_chaves-2000-quase_ordenado,sintetico_poucas_chaves,2000,quase_ordenado,101,merge,10,1796920203,3.253425
sintetico_poucas_chaves-2000-todos_iguais,sintetico_poucas_chaves,2000,todos_iguais,1,merge,1,2384991031,2.617659
sintetico_poucas_chaves-2000-todos_iguais,sintetico_poucas_chaves,2000,todos_iguais,1,insertion,1,2384991031,0.248356
sintetico_poucas_chaves-2000-todos_iguais,sintetico_poucas_chaves,2000,todos_iguais,1,insertion,2,2384991031,0.250451
sintetico_poucas_chaves-2000-todos_iguais,sintetico_poucas_chaves,2000,todos_iguais,1,merge,2,2384991031,2.583227
sintetico_poucas_chaves-2000-todos_iguais,sintetico_poucas_chaves,2000,todos_iguais,1,merge,3,2384991031,2.588814
sintetico_poucas_chaves-2000-todos_iguais,sintetico_poucas_chaves,2000,todos_iguais,1,insertion,3,2384991031,0.243467
sintetico_poucas_chaves-2000-todos_iguais,sintetico_poucas_chaves,2000,todos_iguais,1,insertion,4,2384991031,0.247169
sintetico_poucas_chaves-2000-todos_iguais,sintetico_poucas_chaves,2000,todos_iguais,1,merge,4,2384991031,2.583437
sintetico_poucas_chaves-2000-todos_iguais,sintetico_poucas_chaves,2000,todos_iguais,1,merge,5,2384991031,2.597754
sintetico_poucas_chaves-2000-todos_iguais,sintetico_poucas_chaves,2000,todos_iguais,1,insertion,5,2384991031,0.264211
sintetico_poucas_chaves-2000-todos_iguais,sintetico_poucas_chaves,2000,todos_iguais,1,insertion,6,2384991031,0.254013
sintetico_poucas_chaves-2000-todos_iguais,sintetico_poucas_chaves,2000,todos_iguais,1,merge,6,2384991031,2.589652
sintetico_poucas_chaves-2000-todos_iguais,sintetico_poucas_chaves,2000,todos_iguais,1,merge,7,2384991031,2.589582
sintetico_poucas_chaves-2000-todos_iguais,sintetico_poucas_chaves,2000,todos_iguais,1,insertion,7,2384991031,0.262604
sintetico_poucas_chaves-2000-todos_iguais,sintetico_poucas_chaves,2000,todos_iguais,1,insertion,8,2384991031,0.253804
sintetico_poucas_chaves-2000-todos_iguais,sintetico_poucas_chaves,2000,todos_iguais,1,merge,8,2384991031,2.587417
sintetico_poucas_chaves-2000-todos_iguais,sintetico_poucas_chaves,2000,todos_iguais,1,merge,9,2384991031,2.598383
sintetico_poucas_chaves-2000-todos_iguais,sintetico_poucas_chaves,2000,todos_iguais,1,insertion,9,2384991031,0.259601
sintetico_poucas_chaves-2000-todos_iguais,sintetico_poucas_chaves,2000,todos_iguais,1,insertion,10,2384991031,0.253315
sintetico_poucas_chaves-2000-todos_iguais,sintetico_poucas_chaves,2000,todos_iguais,1,merge,10,2384991031,2.584205
sintetico_faixa_ampla-100-aleatorio,sintetico_faixa_ampla,100,aleatorio,100,merge,1,4292222823,0.13242
sintetico_faixa_ampla-100-aleatorio,sintetico_faixa_ampla,100,aleatorio,100,insertion,1,4292222823,0.182914
sintetico_faixa_ampla-100-aleatorio,sintetico_faixa_ampla,100,aleatorio,100,insertion,2,4292222823,0.183125
sintetico_faixa_ampla-100-aleatorio,sintetico_faixa_ampla,100,aleatorio,100,merge,2,4292222823,0.133398
sintetico_faixa_ampla-100-aleatorio,sintetico_faixa_ampla,100,aleatorio,100,merge,3,4292222823,0.132698
sintetico_faixa_ampla-100-aleatorio,sintetico_faixa_ampla,100,aleatorio,100,insertion,3,4292222823,0.182566
sintetico_faixa_ampla-100-aleatorio,sintetico_faixa_ampla,100,aleatorio,100,insertion,4,4292222823,0.182426
sintetico_faixa_ampla-100-aleatorio,sintetico_faixa_ampla,100,aleatorio,100,merge,4,4292222823,0.133048
sintetico_faixa_ampla-100-aleatorio,sintetico_faixa_ampla,100,aleatorio,100,merge,5,4292222823,0.136889
sintetico_faixa_ampla-100-aleatorio,sintetico_faixa_ampla,100,aleatorio,100,insertion,5,4292222823,0.179144
sintetico_faixa_ampla-100-aleatorio,sintetico_faixa_ampla,100,aleatorio,100,insertion,6,4292222823,0.182705
sintetico_faixa_ampla-100-aleatorio,sintetico_faixa_ampla,100,aleatorio,100,merge,6,4292222823,0.132489
sintetico_faixa_ampla-100-aleatorio,sintetico_faixa_ampla,100,aleatorio,100,merge,7,4292222823,0.132489
sintetico_faixa_ampla-100-aleatorio,sintetico_faixa_ampla,100,aleatorio,100,insertion,7,4292222823,0.183054
sintetico_faixa_ampla-100-aleatorio,sintetico_faixa_ampla,100,aleatorio,100,insertion,8,4292222823,0.181798
sintetico_faixa_ampla-100-aleatorio,sintetico_faixa_ampla,100,aleatorio,100,merge,8,4292222823,0.132419
sintetico_faixa_ampla-100-aleatorio,sintetico_faixa_ampla,100,aleatorio,100,merge,9,4292222823,0.132141
sintetico_faixa_ampla-100-aleatorio,sintetico_faixa_ampla,100,aleatorio,100,insertion,9,4292222823,0.182845
sintetico_faixa_ampla-100-aleatorio,sintetico_faixa_ampla,100,aleatorio,100,insertion,10,4292222823,0.183613
sintetico_faixa_ampla-100-aleatorio,sintetico_faixa_ampla,100,aleatorio,100,merge,10,4292222823,0.137168
sintetico_faixa_ampla-100-ordenado,sintetico_faixa_ampla,100,ordenado,100,merge,1,1992656288,0.0968
sintetico_faixa_ampla-100-ordenado,sintetico_faixa_ampla,100,ordenado,100,insertion,1,1992656288,0.012012
sintetico_faixa_ampla-100-ordenado,sintetico_faixa_ampla,100,ordenado,100,insertion,2,1992656288,0.012013
sintetico_faixa_ampla-100-ordenado,sintetico_faixa_ampla,100,ordenado,100,merge,2,1992656288,0.09659
sintetico_faixa_ampla-100-ordenado,sintetico_faixa_ampla,100,ordenado,100,merge,3,1992656288,0.096241
sintetico_faixa_ampla-100-ordenado,sintetico_faixa_ampla,100,ordenado,100,insertion,3,1992656288,0.012222
sintetico_faixa_ampla-100-ordenado,sintetico_faixa_ampla,100,ordenado,100,insertion,4,1992656288,0.012641
sintetico_faixa_ampla-100-ordenado,sintetico_faixa_ampla,100,ordenado,100,merge,4,1992656288,0.096242
sintetico_faixa_ampla-100-ordenado,sintetico_faixa_ampla,100,ordenado,100,merge,5,1992656288,0.096451
sintetico_faixa_ampla-100-ordenado,sintetico_faixa_ampla,100,ordenado,100,insertion,5,1992656288,0.022419
sintetico_faixa_ampla-100-ordenado,sintetico_faixa_ampla,100,ordenado,100,insertion,6,1992656288,0.011943
sintetico_faixa_ampla-100-ordenado,sintetico_faixa_ampla,100,ordenado,100,merge,6,1992656288,0.096871
sintetico_faixa_ampla-100-ordenado,sintetico_faixa_ampla,100,ordenado,100,merge,7,1992656288,0.09694
sintetico_faixa_ampla-100-ordenado,sintetico_faixa_ampla,100,ordenado,100,insertion,7,1992656288,0.012292
sintetico_faixa_ampla-100-ordenado,sintetico_faixa_ampla,100,ordenado,100,insertion,8,1992656288,0.012362
sintetico_faixa_ampla-100-ordenado,sintetico_faixa_ampla,100,ordenado,100,merge,8,1992656288,0.0968
sintetico_faixa_ampla-100-ordenado,sintetico_faixa_ampla,100,ordenado,100,merge,9,1992656288,0.09687
sintetico_faixa_ampla-100-ordenado,sintetico_faixa_ampla,100,ordenado,100,insertion,9,1992656288,0.012502
sintetico_faixa_ampla-100-ordenado,sintetico_faixa_ampla,100,ordenado,100,insertion,10,1992656288,0.012082
sintetico_faixa_ampla-100-ordenado,sintetico_faixa_ampla,100,ordenado,100,merge,10,1992656288,0.09687
sintetico_faixa_ampla-100-inverso,sintetico_faixa_ampla,100,inverso,100,merge,1,2786163005,0.109232
sintetico_faixa_ampla-100-inverso,sintetico_faixa_ampla,100,inverso,100,insertion,1,2786163005,0.324763
sintetico_faixa_ampla-100-inverso,sintetico_faixa_ampla,100,inverso,100,insertion,2,2786163005,0.335937
sintetico_faixa_ampla-100-inverso,sintetico_faixa_ampla,100,inverso,100,merge,2,2786163005,0.108045
sintetico_faixa_ampla-100-inverso,sintetico_faixa_ampla,100,inverso,100,merge,3,2786163005,0.103855
sintetico_faixa_ampla-100-inverso,sintetico_faixa_ampla,100,inverso,100,insertion,3,2786163005,0.331328
sintetico_faixa_ampla-100-inverso,sintetico_faixa_ampla,100,inverso,100,insertion,4,2786163005,0.34362
sintetico_faixa_ampla-100-inverso,sintetico_faixa_ampla,100,inverso,100,merge,4,2786163005,0.105531
sintetico_faixa_ampla-100-inverso,sintetico_faixa_ampla,100,inverso,100,merge,5,2786163005,0.130115
sintetico_faixa_ampla-100-inverso,sintetico_faixa_ampla,100,inverso,100,insertion,5,2786163005,0.509983
sintetico_faixa_ampla-100-inverso,sintetico_faixa_ampla,100,inverso,100,insertion,6,2786163005,0.544065
sintetico_faixa_ampla-100-inverso,sintetico_faixa_ampla,100,inverso,100,merge,6,2786163005,0.149251
sintetico_faixa_ampla-100-inverso,sintetico_faixa_ampla,100,inverso,100,merge,7,2786163005,0.144991
sintetico_faixa_ampla-100-inverso,sintetico_faixa_ampla,100,inverso,100,insertion,7,2786163005,0.495106
sintetico_faixa_ampla-100-inverso,sintetico_faixa_ampla,100,inverso,100,insertion,8,2786163005,0.348788
sintetico_faixa_ampla-100-inverso,sintetico_faixa_ampla,100,inverso,100,merge,8,2786163005,0.104553
sintetico_faixa_ampla-100-inverso,sintetico_faixa_ampla,100,inverso,100,merge,9,2786163005,0.102597
sintetico_faixa_ampla-100-inverso,sintetico_faixa_ampla,100,inverso,100,insertion,9,2786163005,0.326578
sintetico_faixa_ampla-100-inverso,sintetico_faixa_ampla,100,inverso,100,insertion,10,2786163005,0.331049
sintetico_faixa_ampla-100-inverso,sintetico_faixa_ampla,100,inverso,100,merge,10,2786163005,0.11894
sintetico_faixa_ampla-100-quase_ordenado,sintetico_faixa_ampla,100,quase_ordenado,100,merge,1,1534674971,0.102877
sintetico_faixa_ampla-100-quase_ordenado,sintetico_faixa_ampla,100,quase_ordenado,100,insertion,1,1534674971,0.019206
sintetico_faixa_ampla-100-quase_ordenado,sintetico_faixa_ampla,100,quase_ordenado,100,insertion,2,1534674971,0.020952
sintetico_faixa_ampla-100-quase_ordenado,sintetico_faixa_ampla,100,quase_ordenado,100,merge,2,1534674971,0.103855
sintetico_faixa_ampla-100-quase_ordenado,sintetico_faixa_ampla,100,quase_ordenado,100,merge,3,1534674971,0.108045
sintetico_faixa_ampla-100-quase_ordenado,sintetico_faixa_ampla,100,quase_ordenado,100,insertion,3,1534674971,0.018229
sintetico_faixa_ampla-100-quase_ordenado,sintetico_faixa_ampla,100,quase_ordenado,100,insertion,4,1534674971,0.017739
sintetico_faixa_ampla-100-quase_ordenado,sintetico_faixa_ampla,100,quase_ordenado,100,merge,4,1534674971,0.104064
sintetico_faixa_ampla-100-quase_ordenado,sintetico_faixa_ampla,100,quase_ordenado,100,merge,5,1534674971,0.108394
sintetico_faixa_ampla-100-quase_ordenado,sintetico_faixa_ampla,100,quase_ordenado,100,insertion,5,1534674971,0.018439
sintetico_faixa_ampla-100-quase_ordenado,sintetico_faixa_ampla,100,quase_ordenado,100,insertion,6,1534674971,0.018298
sintetico_faixa_ampla-100-quase_ordenado,sintetico_faixa_ampla,100,quase_ordenado,100,merge,6,1534674971,0.11489
sintetico_faixa_ampla-100-quase_ordenado,sintetico_faixa_ampla,100,quase_ordenado,100,merge,7,1534674971,0.110559
sintetico_faixa_ampla-100-quase_ordenado,sintetico_faixa_ampla,100,quase_ordenado,100,insertion,7,1534674971,0.018647
sintetico_faixa_ampla-100-quase_ordenado,sintetico_faixa_ampla,100,quase_ordenado,100,insertion,8,1534674971,0.018508
sintetico_faixa_ampla-100-quase_ordenado,sintetico_faixa_ampla,100,quase_ordenado,100,merge,8,1534674971,0.108254
sintetico_faixa_ampla-100-quase_ordenado,sintetico_faixa_ampla,100,quase_ordenado,100,merge,9,1534674971,0.108324
sintetico_faixa_ampla-100-quase_ordenado,sintetico_faixa_ampla,100,quase_ordenado,100,insertion,9,1534674971,0.018578
sintetico_faixa_ampla-100-quase_ordenado,sintetico_faixa_ampla,100,quase_ordenado,100,insertion,10,1534674971,0.018229
sintetico_faixa_ampla-100-quase_ordenado,sintetico_faixa_ampla,100,quase_ordenado,100,merge,10,1534674971,0.107975
sintetico_faixa_ampla-100-todos_iguais,sintetico_faixa_ampla,100,todos_iguais,1,merge,1,1243606187,0.105041
sintetico_faixa_ampla-100-todos_iguais,sintetico_faixa_ampla,100,todos_iguais,1,insertion,1,1243606187,0.011524
sintetico_faixa_ampla-100-todos_iguais,sintetico_faixa_ampla,100,todos_iguais,1,insertion,2,1243606187,0.011594
sintetico_faixa_ampla-100-todos_iguais,sintetico_faixa_ampla,100,todos_iguais,1,merge,2,1243606187,0.098825
sintetico_faixa_ampla-100-todos_iguais,sintetico_faixa_ampla,100,todos_iguais,1,merge,3,1243606187,0.095334
sintetico_faixa_ampla-100-todos_iguais,sintetico_faixa_ampla,100,todos_iguais,1,insertion,3,1243606187,0.011803
sintetico_faixa_ampla-100-todos_iguais,sintetico_faixa_ampla,100,todos_iguais,1,insertion,4,1243606187,0.011873
sintetico_faixa_ampla-100-todos_iguais,sintetico_faixa_ampla,100,todos_iguais,1,merge,4,1243606187,0.095683
sintetico_faixa_ampla-100-todos_iguais,sintetico_faixa_ampla,100,todos_iguais,1,merge,5,1243606187,0.095403
sintetico_faixa_ampla-100-todos_iguais,sintetico_faixa_ampla,100,todos_iguais,1,insertion,5,1243606187,0.011943
sintetico_faixa_ampla-100-todos_iguais,sintetico_faixa_ampla,100,todos_iguais,1,insertion,6,1243606187,0.011943
sintetico_faixa_ampla-100-todos_iguais,sintetico_faixa_ampla,100,todos_iguais,1,merge,6,1243606187,0.095124
sintetico_faixa_ampla-100-todos_iguais,sintetico_faixa_ampla,100,todos_iguais,1,merge,7,1243606187,0.095404
sintetico_faixa_ampla-100-todos_iguais,sintetico_faixa_ampla,100,todos_iguais,1,insertion,7,1243606187,0.012082
sintetico_faixa_ampla-100-todos_iguais,sintetico_faixa_ampla,100,todos_iguais,1,insertion,8,1243606187,0.012082
sintetico_faixa_ampla-100-todos_iguais,sintetico_faixa_ampla,100,todos_iguais,1,merge,8,1243606187,0.096172
sintetico_faixa_ampla-100-todos_iguais,sintetico_faixa_ampla,100,todos_iguais,1,merge,9,1243606187,0.0968
sintetico_faixa_ampla-100-todos_iguais,sintetico_faixa_ampla,100,todos_iguais,1,insertion,9,1243606187,0.012012
sintetico_faixa_ampla-100-todos_iguais,sintetico_faixa_ampla,100,todos_iguais,1,insertion,10,1243606187,0.011803
sintetico_faixa_ampla-100-todos_iguais,sintetico_faixa_ampla,100,todos_iguais,1,merge,10,1243606187,0.096312
sintetico_faixa_ampla-500-aleatorio,sintetico_faixa_ampla,500,aleatorio,500,merge,1,2067553245,0.800802
sintetico_faixa_ampla-500-aleatorio,sintetico_faixa_ampla,500,aleatorio,500,insertion,1,2067553245,4.45875
sintetico_faixa_ampla-500-aleatorio,sintetico_faixa_ampla,500,aleatorio,500,insertion,2,2067553245,4.463918
sintetico_faixa_ampla-500-aleatorio,sintetico_faixa_ampla,500,aleatorio,500,merge,2,2067553245,0.798218
sintetico_faixa_ampla-500-aleatorio,sintetico_faixa_ampla,500,aleatorio,500,merge,3,2067553245,0.81086
sintetico_faixa_ampla-500-aleatorio,sintetico_faixa_ampla,500,aleatorio,500,insertion,3,2067553245,4.423759
sintetico_faixa_ampla-500-aleatorio,sintetico_faixa_ampla,500,aleatorio,500,insertion,4,2067553245,4.437379
sintetico_faixa_ampla-500-aleatorio,sintetico_faixa_ampla,500,aleatorio,500,merge,4,2067553245,0.798847
sintetico_faixa_ampla-500-aleatorio,sintetico_faixa_ampla,500,aleatorio,500,merge,5,2067553245,0.80178
sintetico_faixa_ampla-500-aleatorio,sintetico_faixa_ampla,500,aleatorio,500,insertion,5,2067553245,4.444363
sintetico_faixa_ampla-500-aleatorio,sintetico_faixa_ampla,500,aleatorio,500,insertion,6,2067553245,4.481099
sintetico_faixa_ampla-500-aleatorio,sintetico_faixa_ampla,500,aleatorio,500,merge,6,2067553245,0.802688
sintetico_faixa_ampla-500-aleatorio,sintetico_faixa_ampla,500,aleatorio,500,merge,7,2067553245,0.794098
sintetico_faixa_ampla-500-aleatorio,sintetico_faixa_ampla,500,aleatorio,500,insertion,7,2067553245,5.231895
sintetico_faixa_ampla-500-aleatorio,sintetico_faixa_ampla,500,aleatorio,500,insertion,8,2067553245,4.450369
sintetico_faixa_ampla-500-aleatorio,sintetico_faixa_ampla,500,aleatorio,500,merge,8,2067553245,0.810231
sintetico_faixa_ampla-500-aleatorio,sintetico_faixa_ampla,500,aleatorio,500,merge,9,2067553245,0.807088
sintetico_faixa_ampla-500-aleatorio,sintetico_faixa_ampla,500,aleatorio,500,insertion,9,2067553245,4.497022
sintetico_faixa_ampla-500-aleatorio,sintetico_faixa_ampla,500,aleatorio,500,insertion,10,2067553245,4.446387
sintetico_faixa_ampla-500-aleatorio,sintetico_faixa_ampla,500,aleatorio,500,merge,10,2067553245,0.799824
sintetico_faixa_ampla-500-ordenado,sintetico_faixa_ampla,500,ordenado,500,merge,1,3346535351,0.58611
sintetico_faixa_ampla-500-ordenado,sintetico_faixa_ampla,500,ordenado,500,insertion,1,3346535351,0.060553
sintetico_faixa_ampla-500-ordenado,sintetico_faixa_ampla,500,ordenado,500,insertion,2,3346535351,0.060552
sintetico_faixa_ampla-500-ordenado,sintetico_faixa_ampla,500,ordenado,500,merge,2,3346535351,0.587157
sintetico_faixa_ampla-500-ordenado,sintetico_faixa_ampla,500,ordenado,500,merge,3,3346535351,0.578427
sintetico_faixa_ampla-500-ordenado,sintetico_faixa_ampla,500,ordenado,500,insertion,3,3346535351,0.061181
sintetico_faixa_ampla-500-ordenado,sintetico_faixa_ampla,500,ordenado,500,insertion,4,3346535351,0.06153
sintetico_faixa_ampla-500-ordenado,sintetico_faixa_ampla,500,ordenado,500,merge,4,3346535351,0.580173
sintetico_faixa_ampla-500-ordenado,sintetico_faixa_ampla,500,ordenado,500,merge,5,3346535351,0.56809
sintetico_faixa_ampla-500-ordenado,sintetico_faixa_ampla,500,ordenado,500,insertion,5,3346535351,0.062019
sintetico_faixa_ampla-500-ordenado,sintetico_faixa_ampla,500,ordenado,500,insertion,6,3346535351,0.08786
sintetico_faixa_ampla-500-ordenado,sintetico_faixa_ampla,500,ordenado,500,merge,6,3346535351,0.579754
sintetico_faixa_ampla-500-ordenado,sintetico_faixa_ampla,500,ordenado,500,merge,7,3346535351,0.596725
sintetico_faixa_ampla-500-ordenado,sintetico_faixa_ampla,500,ordenado,500,insertion,7,3346535351,0.061042
sintetico_faixa_ampla-500-ordenado,sintetico_faixa_ampla,500,ordenado,500,insertion,8,3346535351,0.060273
sintetico_faixa_ampla-500-ordenado,sintetico_faixa_ampla,500,ordenado,500,merge,8,3346535351,0.602244
sintetico_faixa_ampla-500-ordenado,sintetico_faixa_ampla,500,ordenado,500,merge,9,3346535351,0.583107
sintetico_faixa_ampla-500-ordenado,sintetico_faixa_ampla,500,ordenado,500,insertion,9,3346535351,0.059715
sintetico_faixa_ampla-500-ordenado,sintetico_faixa_ampla,500,ordenado,500,insertion,10,3346535351,0.060064
sintetico_faixa_ampla-500-ordenado,sintetico_faixa_ampla,500,ordenado,500,merge,10,3346535351,0.5771
sintetico_faixa_ampla-500-inverso,sintetico_faixa_ampla,500,inverso,500,merge,1,2762240783,0.596865
sintetico_faixa_ampla-500-inverso,sintetico_faixa_ampla,500,inverso,500,insertion,1,2762240783,8.954934
sintetico_faixa_ampla-500-inverso,sintetico_faixa_ampla,500,inverso,500,insertion,2,2762240783,8.932027
sintetico_faixa_ampla-500-inverso,sintetico_faixa_ampla,500,inverso,500,merge,2,2762240783,0.615932
sintetico_faixa_ampla-500-inverso,sintetico_faixa_ampla,500,inverso,500,merge,3,2762240783,0.583525
sintetico_faixa_ampla-500-inverso,sintetico_faixa_ampla,500,inverso,500,insertion,3,2762240783,8.929862
sintetico_faixa_ampla-500-inverso,sintetico_faixa_ampla,500,inverso,500,insertion,4,2762240783,8.935379
sintetico_faixa_ampla-500-inverso,sintetico_faixa_ampla,500,inverso,500,merge,4,2762240783,0.586389
sintetico_faixa_ampla-500-inverso,sintetico_faixa_ampla,500,inverso,500,merge,5,2762240783,0.605875
sintetico_faixa_ampla-500-inverso,sintetico_faixa_ampla,500,inverso,500,insertion,5,2762240783,8.926579
sintetico_faixa_ampla-500-inverso,sintetico_faixa_ampla,500,inverso,500,insertion,6,2762240783,8.898922
sintetico_faixa_ampla-500-inverso,sintetico_faixa_ampla,500,inverso,500,merge,6,2762240783,0.597145
sintetico_faixa_ampla-500-inverso,sintetico_faixa_ampla,500,inverso,500,merge,7,2762240783,0.588624
sintetico_faixa_ampla-500-inverso,sintetico_faixa_ampla,500,inverso,500,insertion,7,2762240783,8.894661
sintetico_faixa_ampla-500-inverso,sintetico_faixa_ampla,500,inverso,500,insertion,8,2762240783,9.747356
sintetico_faixa_ampla-500-inverso,sintetico_faixa_ampla,500,inverso,500,merge,8,2762240783,0.613977
sintetico_faixa_ampla-500-inverso,sintetico_faixa_ampla,500,inverso,500,merge,9,2762240783,0.600637
sintetico_faixa_ampla-500-inverso,sintetico_faixa_ampla,500,inverso,500,insertion,9,2762240783,8.96136
sintetico_faixa_ampla-500-inverso,sintetico_faixa_ampla,500,inverso,500,insertion,10,2762240783,8.96115
sintetico_faixa_ampla-500-inverso,sintetico_faixa_ampla,500,inverso,500,merge,10,2762240783,0.590719
sintetico_faixa_ampla-500-quase_ordenado,sintetico_faixa_ampla,500,quase_ordenado,500,merge,1,3890354986,0.653716
sintetico_faixa_ampla-500-quase_ordenado,sintetico_faixa_ampla,500,quase_ordenado,500,insertion,1,3890354986,0.169156
sintetico_faixa_ampla-500-quase_ordenado,sintetico_faixa_ampla,500,quase_ordenado,500,insertion,2,3890354986,0.181378
sintetico_faixa_ampla-500-quase_ordenado,sintetico_faixa_ampla,500,quase_ordenado,500,merge,2,3890354986,0.651481
sintetico_faixa_ampla-500-quase_ordenado,sintetico_faixa_ampla,500,quase_ordenado,500,merge,3,3890354986,0.646453
sintetico_faixa_ampla-500-quase_ordenado,sintetico_faixa_ampla,500,quase_ordenado,500,insertion,3,3890354986,0.172299
sintetico_faixa_ampla-500-quase_ordenado,sintetico_faixa_ampla,500,quase_ordenado,500,insertion,4,3890354986,0.174604
sintetico_faixa_ampla-500-quase_ordenado,sintetico_faixa_ampla,500,quase_ordenado,500,merge,4,3890354986,0.645545
sintetico_faixa_ampla-500-quase_ordenado,sintetico_faixa_ampla,500,quase_ordenado,500,merge,5,3890354986,0.655951
sintetico_faixa_ampla-500-quase_ordenado,sintetico_faixa_ampla,500,quase_ordenado,500,insertion,5,3890354986,0.171391
sintetico_faixa_ampla-500-quase_ordenado,sintetico_faixa_ampla,500,quase_ordenado,500,insertion,6,3890354986,0.174115
sintetico_faixa_ampla-500-quase_ordenado,sintetico_faixa_ampla,500,quase_ordenado,500,merge,6,3890354986,0.655672
sintetico_faixa_ampla-500-quase_ordenado,sintetico_faixa_ampla,500,quase_ordenado,500,merge,7,3890354986,0.64771
sintetico_faixa_ampla-500-quase_ordenado,sintetico_faixa_ampla,500,quase_ordenado,500,insertion,7,3890354986,0.183753
sintetico_faixa_ampla-500-quase_ordenado,sintetico_faixa_ampla,500,quase_ordenado,500,insertion,8,3890354986,0.172928
sintetico_faixa_ampla-500-quase_ordenado,sintetico_faixa_ampla,500,quase_ordenado,500,merge,8,3890354986,0.657558
sintetico_faixa_ampla-500-quase_ordenado,sintetico_faixa_ampla,500,quase_ordenado,500,merge,9,3890354986,0.649107
sintetico_faixa_ampla-500-quase_ordenado,sintetico_faixa_ampla,500,quase_ordenado,500,insertion,9,3890354986,0.186128
sintetico_faixa_ampla-500-quase_ordenado,sintetico_faixa_ampla,500,quase_ordenado,500,insertion,10,3890354986,0.17628
sintetico_faixa_ampla-500-quase_ordenado,sintetico_faixa_ampla,500,quase_ordenado,500,merge,10,3890354986,0.655741
sintetico_faixa_ampla-500-todos_iguais,sintetico_faixa_ampla,500,todos_iguais,1,merge,1,1166495247,0.562992
sintetico_faixa_ampla-500-todos_iguais,sintetico_faixa_ampla,500,todos_iguais,1,insertion,1,1166495247,0.059086
sintetico_faixa_ampla-500-todos_iguais,sintetico_faixa_ampla,500,todos_iguais,1,insertion,2,1166495247,0.058597
sintetico_faixa_ampla-500-todos_iguais,sintetico_faixa_ampla,500,todos_iguais,1,merge,2,1166495247,0.563691
sintetico_faixa_ampla-500-todos_iguais,sintetico_faixa_ampla,500,todos_iguais,1,merge,3,1166495247,0.576751
sintetico_faixa_ampla-500-todos_iguais,sintetico_faixa_ampla,500,todos_iguais,1,insertion,3,1166495247,0.059086
sintetico_faixa_ampla-500-todos_iguais,sintetico_faixa_ampla,500,todos_iguais,1,insertion,4,1166495247,0.058108
sintetico_faixa_ampla-500-todos_iguais,sintetico_faixa_ampla,500,todos_iguais,1,merge,4,1166495247,0.574377
sintetico_faixa_ampla-500-todos_iguais,sintetico_faixa_ampla,500,todos_iguais,1,merge,5,1166495247,0.566345
sintetico_faixa_ampla-500-todos_iguais,sintetico_faixa_ampla,500,todos_iguais,1,insertion,5,1166495247,0.096312
sintetico_faixa_ampla-500-todos_iguais,sintetico_faixa_ampla,500,todos_iguais,1,insertion,6,1166495247,0.059365
sintetico_faixa_ampla-500-todos_iguais,sintetico_faixa_ampla,500,todos_iguais,1,merge,6,1166495247,0.565087
sintetico_faixa_ampla-500-todos_iguais,sintetico_faixa_ampla,500,todos_iguais,1,merge,7,1166495247,0.573678
sintetico_faixa_ampla-500-todos_iguais,sintetico_faixa_ampla,500,todos_iguais,1,insertion,7,1166495247,0.059575
sintetico_faixa_ampla-500-todos_iguais,sintetico_faixa_ampla,500,todos_iguais,1,insertion,8,1166495247,0.059086
sintetico_faixa_ampla-500-todos_iguais,sintetico_faixa_ampla,500,todos_iguais,1,merge,8,1166495247,0.57291
sintetico_faixa_ampla-500-todos_iguais,sintetico_faixa_ampla,500,todos_iguais,1,merge,9,1166495247,0.572212
sintetico_faixa_ampla-500-todos_iguais,sintetico_faixa_ampla,500,todos_iguais,1,insertion,9,1166495247,0.059226
sintetico_faixa_ampla-500-todos_iguais,sintetico_faixa_ampla,500,todos_iguais,1,insertion,10,1166495247,0.060063
sintetico_faixa_ampla-500-todos_iguais,sintetico_faixa_ampla,500,todos_iguais,1,merge,10,1166495247,0.575564
sintetico_faixa_ampla-2000-aleatorio,sintetico_faixa_ampla,2000,aleatorio,1997,merge,1,2417054477,3.937034
sintetico_faixa_ampla-2000-aleatorio,sintetico_faixa_ampla,2000,aleatorio,1997,insertion,1,2417054477,87.032817
sintetico_faixa_ampla-2000-aleatorio,sintetico_faixa_ampla,2000,aleatorio,1997,insertion,2,2417054477,82.455616
sintetico_faixa_ampla-2000-aleatorio,sintetico_faixa_ampla,2000,aleatorio,1997,merge,2,2417054477,3.949466
sintetico_faixa_ampla-2000-aleatorio,sintetico_faixa_ampla,2000,aleatorio,1997,merge,3,2417054477,3.950094
sintetico_faixa_ampla-2000-aleatorio,sintetico_faixa_ampla,2000,aleatorio,1997,insertion,3,2417054477,86.847457
sintetico_faixa_ampla-2000-aleatorio,sintetico_faixa_ampla,2000,aleatorio,1997,insertion,4,2417054477,86.848925
sintetico_faixa_ampla-2000-aleatorio,sintetico_faixa_ampla,2000,aleatorio,1997,merge,4,2417054477,3.962526
sintetico_faixa_ampla-2000-aleatorio,sintetico_faixa_ampla,2000,aleatorio,1997,merge,5,2417054477,4.115479
sintetico_faixa_ampla-2000-aleatorio,sintetico_faixa_ampla,2000,aleatorio,1997,insertion,5,2417054477,85.940706
sintetico_faixa_ampla-2000-aleatorio,sintetico_faixa_ampla,2000,aleatorio,1997,insertion,6,2417054477,87.553835
sintetico_faixa_ampla-2000-aleatorio,sintetico_faixa_ampla,2000,aleatorio,1997,merge,6,2417054477,4.971666
sintetico_faixa_ampla-2000-aleatorio,sintetico_faixa_ampla,2000,aleatorio,1997,merge,7,2417054477,3.965389
sintetico_faixa_ampla-2000-aleatorio,sintetico_faixa_ampla,2000,aleatorio,1997,insertion,7,2417054477,81.476369
sintetico_faixa_ampla-2000-aleatorio,sintetico_faixa_ampla,2000,aleatorio,1997,insertion,8,2417054477,82.537331
sintetico_faixa_ampla-2000-aleatorio,sintetico_faixa_ampla,2000,aleatorio,1997,merge,8,2417054477,3.940666
sintetico_faixa_ampla-2000-aleatorio,sintetico_faixa_ampla,2000,aleatorio,1997,merge,9,2417054477,3.933472
sintetico_faixa_ampla-2000-aleatorio,sintetico_faixa_ampla,2000,aleatorio,1997,insertion,9,2417054477,82.517775
sintetico_faixa_ampla-2000-aleatorio,sintetico_faixa_ampla,2000,aleatorio,1997,insertion,10,2417054477,82.28632
sintetico_faixa_ampla-2000-aleatorio,sintetico_faixa_ampla,2000,aleatorio,1997,merge,10,2417054477,3.974469
sintetico_faixa_ampla-2000-ordenado,sintetico_faixa_ampla,2000,ordenado,1997,merge,1,543501648,2.671227
sintetico_faixa_ampla-2000-ordenado,sintetico_faixa_ampla,2000,ordenado,1997,insertion,1,543501648,0.271823
sintetico_faixa_ampla-2000-ordenado,sintetico_faixa_ampla,2000,ordenado,1997,insertion,2,543501648,0.267563
sintetico_faixa_ampla-2000-ordenado,sintetico_faixa_ampla,2000,ordenado,1997,merge,2,543501648,2.657957
sintetico_faixa_ampla-2000-ordenado,sintetico_faixa_ampla,2000,ordenado,1997,merge,3,543501648,2.689945
sintetico_faixa_ampla-2000-ordenado,sintetico_faixa_ampla,2000,ordenado,1997,insertion,3,543501648,0.271404
sintetico_faixa_ampla-2000-ordenado,sintetico_faixa_ampla,2000,ordenado,1997,insertion,4,543501648,0.265677
sintetico_faixa_ampla-2000-ordenado,sintetico_faixa_ampla,2000,ordenado,1997,merge,4,543501648,3.413572
sintetico_faixa_ampla-2000-ordenado,sintetico_faixa_ampla,2000,ordenado,1997,merge,5,543501648,2.679958
sintetico_faixa_ampla-2000-ordenado,sintetico_faixa_ampla,2000,ordenado,1997,insertion,5,543501648,0.275524
sintetico_faixa_ampla-2000-ordenado,sintetico_faixa_ampla,2000,ordenado,1997,insertion,6,543501648,0.285303
sintetico_faixa_ampla-2000-ordenado,sintetico_faixa_ampla,2000,ordenado,1997,merge,6,543501648,2.682122
sintetico_faixa_ampla-2000-ordenado,sintetico_faixa_ampla,2000,ordenado,1997,merge,7,543501648,2.665709
sintetico_faixa_ampla-2000-ordenado,sintetico_faixa_ampla,2000,ordenado,1997,insertion,7,543501648,0.273569
sintetico_faixa_ampla-2000-ordenado,sintetico_faixa_ampla,2000,ordenado,1997,insertion,8,543501648,0.285582
sintetico_faixa_ampla-2000-ordenado,sintetico_faixa_ampla,2000,ordenado,1997,merge,8,543501648,2.668224
sintetico_faixa_ampla-2000-ordenado,sintetico_faixa_ampla,2000,ordenado,1997,merge,9,543501648,2.661519
sintetico_faixa_ampla-2000-ordenado,sintetico_faixa_ampla,2000,ordenado,1997,insertion,9,543501648,0.270008
sintetico_faixa_ampla-2000-ordenado,sintetico_faixa_ampla,2000,ordenado,1997,insertion,10,543501648,0.291519
sintetico_faixa_ampla-2000-ordenado,sintetico_faixa_ampla,2000,ordenado,1997,merge,10,543501648,2.667595
sintetico_faixa_ampla-2000-inverso,sintetico_faixa_ampla,2000,inverso,1997,merge,1,2398642456,2.773475
sintetico_faixa_ampla-2000-inverso,sintetico_faixa_ampla,2000,inverso,1997,insertion,1,2398642456,165.437628
sintetico_faixa_ampla-2000-inverso,sintetico_faixa_ampla,2000,inverso,1997,insertion,2,2398642456,167.343043
sintetico_faixa_ampla-2000-inverso,sintetico_faixa_ampla,2000,inverso,1997,merge,2,2398642456,2.73157
sintetico_faixa_ampla-2000-inverso,sintetico_faixa_ampla,2000,inverso,1997,merge,3,2398642456,2.717742
sintetico_faixa_ampla-2000-inverso,sintetico_faixa_ampla,2000,inverso,1997,insertion,3,2398642456,168.447166
sintetico_faixa_ampla-2000-inverso,sintetico_faixa_ampla,2000,inverso,1997,insertion,4,2398642456,173.301708
sintetico_faixa_ampla-2000-inverso,sintetico_faixa_ampla,2000,inverso,1997,merge,4,2398642456,2.738414
sintetico_faixa_ampla-2000-inverso,sintetico_faixa_ampla,2000,inverso,1997,merge,5,2398642456,2.728706
sintetico_faixa_ampla-2000-inverso,sintetico_faixa_ampla,2000,inverso,1997,insertion,5,2398642456,165.848645
sintetico_faixa_ampla-2000-inverso,sintetico_faixa_ampla,2000,inverso,1997,insertion,6,2398642456,166.617041
sintetico_faixa_ampla-2000-inverso,sintetico_faixa_ampla,2000,inverso,1997,merge,6,2398642456,3.115069
sintetico_faixa_ampla-2000-inverso,sintetico_faixa_ampla,2000,inverso,1997,merge,7,2398642456,3.135045
sintetico_faixa_ampla-2000-inverso,sintetico_faixa_ampla,2000,inverso,1997,insertion,7,2398642456,165.298224
sintetico_faixa_ampla-2000-inverso,sintetico_faixa_ampla,2000,inverso,1997,insertion,8,2398642456,165.543507
sintetico_faixa_ampla-2000-inverso,sintetico_faixa_ampla,2000,inverso,1997,merge,8,2398642456,2.753709
sintetico_faixa_ampla-2000-inverso,sintetico_faixa_ampla,2000,inverso,1997,merge,9,2398642456,2.706777
sintetico_faixa_ampla-2000-inverso,sintetico_faixa_ampla,2000,inverso,1997,insertion,9,2398642456,164.716375
sintetico_faixa_ampla-2000-inverso,sintetico_faixa_ampla,2000,inverso,1997,insertion,10,2398642456,171.950625
sintetico_faixa_ampla-2000-inverso,sintetico_faixa_ampla,2000,inverso,1997,merge,10,2398642456,2.748891
sintetico_faixa_ampla-2000-quase_ordenado,sintetico_faixa_ampla,2000,quase_ordenado,1997,merge,1,1467963573,3.215152
sintetico_faixa_ampla-2000-quase_ordenado,sintetico_faixa_ampla,2000,quase_ordenado,1997,insertion,1,1467963573,2.966446
sintetico_faixa_ampla-2000-quase_ordenado,sintetico_faixa_ampla,2000,quase_ordenado,1997,insertion,2,1467963573,3.021762
sintetico_faixa_ampla-2000-quase_ordenado,sintetico_faixa_ampla,2000,quase_ordenado,1997,merge,2,1467963573,3.230239
sintetico_faixa_ampla-2000-quase_ordenado,sintetico_faixa_ampla,2000,quase_ordenado,1997,merge,3,1467963573,3.227375
sintetico_faixa_ampla-2000-quase_ordenado,sintetico_faixa_ampla,2000,quase_ordenado,1997,insertion,3,1467963573,2.988866
sintetico_faixa_ampla-2000-quase_ordenado,sintetico_faixa_ampla,2000,quase_ordenado,1997,insertion,4,1467963573,2.981463
sintetico_faixa_ampla-2000-quase_ordenado,sintetico_faixa_ampla,2000,quase_ordenado,1997,merge,4,1467963573,4.103047
sintetico_faixa_ampla-2000-quase_ordenado,sintetico_faixa_ampla,2000,quase_ordenado,1997,merge,5,1467963573,3.771509
sintetico_faixa_ampla-2000-quase_ordenado,sintetico_faixa_ampla,2000,quase_ordenado,1997,insertion,5,1467963573,2.950942
sintetico_faixa_ampla-2000-quase_ordenado,sintetico_faixa_ampla,2000,quase_ordenado,1997,insertion,6,1467963573,3.007234
sintetico_faixa_ampla-2000-quase_ordenado,sintetico_faixa_ampla,2000,quase_ordenado,1997,merge,6,1467963573,3.249096
sintetico_faixa_ampla-2000-quase_ordenado,sintetico_faixa_ampla,2000,quase_ordenado,1997,merge,7,1467963573,3.226187
sintetico_faixa_ampla-2000-quase_ordenado,sintetico_faixa_ampla,2000,quase_ordenado,1997,insertion,7,1467963573,3.011844
sintetico_faixa_ampla-2000-quase_ordenado,sintetico_faixa_ampla,2000,quase_ordenado,1997,insertion,8,1467963573,2.996549
sintetico_faixa_ampla-2000-quase_ordenado,sintetico_faixa_ampla,2000,quase_ordenado,1997,merge,8,1467963573,3.236593
sintetico_faixa_ampla-2000-quase_ordenado,sintetico_faixa_ampla,2000,quase_ordenado,1997,merge,9,1467963573,3.229051
sintetico_faixa_ampla-2000-quase_ordenado,sintetico_faixa_ampla,2000,quase_ordenado,1997,insertion,9,1467963573,3.011006
sintetico_faixa_ampla-2000-quase_ordenado,sintetico_faixa_ampla,2000,quase_ordenado,1997,insertion,10,1467963573,3.032936
sintetico_faixa_ampla-2000-quase_ordenado,sintetico_faixa_ampla,2000,quase_ordenado,1997,merge,10,1467963573,3.725833
sintetico_faixa_ampla-2000-todos_iguais,sintetico_faixa_ampla,2000,todos_iguais,1,merge,1,429137929,2.586789
sintetico_faixa_ampla-2000-todos_iguais,sintetico_faixa_ampla,2000,todos_iguais,1,insertion,1,429137929,0.252826
sintetico_faixa_ampla-2000-todos_iguais,sintetico_faixa_ampla,2000,todos_iguais,1,insertion,2,429137929,0.334471
sintetico_faixa_ampla-2000-todos_iguais,sintetico_faixa_ampla,2000,todos_iguais,1,merge,2,429137929,2.630091
sintetico_faixa_ampla-2000-todos_iguais,sintetico_faixa_ampla,2000,todos_iguais,1,merge,3,429137929,2.604598
sintetico_faixa_ampla-2000-todos_iguais,sintetico_faixa_ampla,2000,todos_iguais,1,insertion,3,429137929,0.248147
sintetico_faixa_ampla-2000-todos_iguais,sintetico_faixa_ampla,2000,todos_iguais,1,insertion,4,429137929,0.266795
sintetico_faixa_ampla-2000-todos_iguais,sintetico_faixa_ampla,2000,todos_iguais,1,merge,4,429137929,2.589582
sintetico_faixa_ampla-2000-todos_iguais,sintetico_faixa_ampla,2000,todos_iguais,1,merge,5,429137929,2.578478
sintetico_faixa_ampla-2000-todos_iguais,sintetico_faixa_ampla,2000,todos_iguais,1,insertion,5,429137929,0.254782
sintetico_faixa_ampla-2000-todos_iguais,sintetico_faixa_ampla,2000,todos_iguais,1,insertion,6,429137929,0.268959
sintetico_faixa_ampla-2000-todos_iguais,sintetico_faixa_ampla,2000,todos_iguais,1,merge,6,429137929,2.601246
sintetico_faixa_ampla-2000-todos_iguais,sintetico_faixa_ampla,2000,todos_iguais,1,merge,7,429137929,2.591677
sintetico_faixa_ampla-2000-todos_iguais,sintetico_faixa_ampla,2000,todos_iguais,1,insertion,7,429137929,0.26002
sintetico_faixa_ampla-2000-todos_iguais,sintetico_faixa_ampla,2000,todos_iguais,1,insertion,8,429137929,0.267214
sintetico_faixa_ampla-2000-todos_iguais,sintetico_faixa_ampla,2000,todos_iguais,1,merge,8,429137929,2.59936
sintetico_faixa_ampla-2000-todos_iguais,sintetico_faixa_ampla,2000,todos_iguais,1,merge,9,429137929,2.598103
sintetico_faixa_ampla-2000-todos_iguais,sintetico_faixa_ampla,2000,todos_iguais,1,insertion,9,429137929,0.262254
sintetico_faixa_ampla-2000-todos_iguais,sintetico_faixa_ampla,2000,todos_iguais,1,insertion,10,429137929,0.272102
sintetico_faixa_ampla-2000-todos_iguais,sintetico_faixa_ampla,2000,todos_iguais,1,merge,10,429137929,2.599081
